Date,StoreID,ProductID,OnHandUnits,ReservedUnits,BlockedUnits,AvailableUnits
2026-01-01,MAD01,FSH-DEC-PAR-1027,13,3,1,9
2026-01-01,MAD01,FSH-MUE-SOF-1003,12,2,1,9
2026-01-01,MAD01,FSH-DEC-TEX-1022,15,1,2,12
2026-01-01,MAD01,FSH-DEC-ILU-1018,15,3,2,10
2026-01-01,MAD01,FSH-DEC-TEX-1023,13,1,0,12
2026-01-01,MAD01,FSH-DEC-ILU-1017,14,1,0,13
2026-01-01,MAD01,FSH-DEC-TEX-1021,9,1,1,7
2026-01-01,MAD01,FSH-EXT-JAR-1028,12,0,1,11
2026-01-01,MAD01,FSH-DEC-ILU-1019,11,2,1,8
2026-01-01,MAD01,FSH-MUE-DOR-1014,9,1,1,7
2026-01-01,MAD01,FSH-DEC-PAR-1024,13,1,0,12
2026-01-01,MAD01,FSH-MUE-SIL-1010,14,2,0,12
2026-01-01,MAD01,FSH-DEC-TEX-1020,8,2,0,6
2026-01-01,MAD01,FSH-DEC-PAR-1026,11,1,0,10
2026-01-01,MAD01,FSH-MUE-MES-1004,17,3,0,14
2026-01-01,BCN01,FSH-DEC-PAR-1027,14,4,1,9
2026-01-01,BCN01,FSH-MUE-SOF-1003,10,5,1,4
2026-01-01,BCN01,FSH-DEC-TEX-1022,16,3,0,13
2026-01-01,BCN01,FSH-DEC-ILU-1018,10,2,1,7
2026-01-01,BCN01,FSH-DEC-TEX-1023,7,1,1,5
2026-01-01,BCN01,FSH-DEC-ILU-1017,13,2,0,11
2026-01-01,BCN01,FSH-DEC-TEX-1021,13,0,1,12
2026-01-01,BCN01,FSH-EXT-JAR-1028,13,2,1,10
2026-01-01,BCN01,FSH-DEC-ILU-1019,13,5,1,7
2026-01-01,BCN01,FSH-MUE-DOR-1014,11,1,0,10
2026-01-01,BCN01,FSH-DEC-PAR-1024,18,3,0,15
2026-01-01,BCN01,FSH-MUE-SIL-1010,14,0,0,14
2026-01-01,BCN01,FSH-DEC-TEX-1020,14,2,2,10
2026-01-01,BCN01,FSH-DEC-PAR-1026,8,2,0,6
2026-01-01,BCN01,FSH-MUE-MES-1004,14,1,1,12
2026-01-01,VLC01,FSH-DEC-PAR-1027,13,3,0,10
2026-01-01,VLC01,FSH-MUE-SOF-1003,8,2,0,6
2026-01-01,VLC01,FSH-DEC-TEX-1022,12,1,0,11
2026-01-01,VLC01,FSH-DEC-ILU-1018,13,4,0,9
2026-01-01,VLC01,FSH-DEC-TEX-1023,13,0,0,13
2026-01-01,VLC01,FSH-DEC-ILU-1017,11,2,1,8
2026-01-01,VLC01,FSH-DEC-TEX-1021,17,1,2,14
2026-01-01,VLC01,FSH-EXT-JAR-1028,17,3,0,14
2026-01-01,VLC01,FSH-DEC-ILU-1019,12,0,0,12
2026-01-01,VLC01,FSH-MUE-DOR-1014,19,2,0,17
2026-01-01,VLC01,FSH-DEC-PAR-1024,9,1,0,8
2026-01-01,VLC01,FSH-MUE-SIL-1010,7,0,2,5
2026-01-01,VLC01,FSH-DEC-TEX-1020,11,3,0,8
2026-01-01,VLC01,FSH-DEC-PAR-1026,10,0,0,10
2026-01-01,VLC01,FSH-MUE-MES-1004,10,0,0,10
2026-01-02,MAD01,FSH-DEC-TEX-1020,16,2,2,12
2026-01-02,MAD01,FSH-MUE-SOF-1000,8,1,0,7
2026-01-02,MAD01,FSH-DEC-TEX-1023,13,1,1,11
2026-01-02,MAD01,FSH-MUE-DOR-1012,12,2,0,10
2026-01-02,MAD01,FSH-EXT-JAR-1029,12,2,0,10
2026-01-02,MAD01,FSH-MUE-SIL-1009,16,2,0,14
2026-01-02,MAD01,FSH-MUE-SOF-1001,14,3,1,10
2026-01-02,MAD01,FSH-DEC-TEX-1021,16,2,1,13
2026-01-02,MAD01,FSH-MUE-DOR-1014,11,1,1,9
2026-01-02,MAD01,FSH-DEC-ILU-1016,12,3,0,9
2026-01-02,MAD01,FSH-DEC-PAR-1025,16,2,0,14
2026-01-02,MAD01,FSH-DEC-ILU-1019,15,1,2,12
2026-01-02,MAD01,FSH-MUE-SIL-1010,8,1,0,7
2026-01-02,MAD01,FSH-MUE-MES-1004,13,2,0,11
2026-01-02,MAD01,FSH-MUE-MES-1006,14,2,0,12
2026-01-02,BCN01,FSH-DEC-TEX-1020,9,0,1,8
2026-01-02,BCN01,FSH-MUE-SOF-1000,10,4,0,6
2026-01-02,BCN01,FSH-DEC-TEX-1023,8,2,0,6
2026-01-02,BCN01,FSH-MUE-DOR-1012,6,2,0,4
2026-01-02,BCN01,FSH-EXT-JAR-1029,8,0,0,8
2026-01-02,BCN01,FSH-MUE-SIL-1009,17,2,0,15
2026-01-02,BCN01,FSH-MUE-SOF-1001,13,1,0,12
2026-01-02,BCN01,FSH-DEC-TEX-1021,10,1,1,8
2026-01-02,BCN01,FSH-MUE-DOR-1014,9,3,0,6
2026-01-02,BCN01,FSH-DEC-ILU-1016,12,1,0,11
2026-01-02,BCN01,FSH-DEC-PAR-1025,11,6,0,5
2026-01-02,BCN01,FSH-DEC-ILU-1019,11,1,0,10
2026-01-02,BCN01,FSH-MUE-SIL-1010,9,1,0,8
2026-01-02,BCN01,FSH-MUE-MES-1004,18,3,0,15
2026-01-02,BCN01,FSH-MUE-MES-1006,11,0,0,11
2026-01-02,VLC01,FSH-DEC-TEX-1020,11,0,1,10
2026-01-02,VLC01,FSH-MUE-SOF-1000,7,0,0,7
2026-01-02,VLC01,FSH-DEC-TEX-1023,11,1,1,9
2026-01-02,VLC01,FSH-MUE-DOR-1012,9,1,1,7
2026-01-02,VLC01,FSH-EXT-JAR-1029,11,0,1,10
2026-01-02,VLC01,FSH-MUE-SIL-1009,12,1,0,11
2026-01-02,VLC01,FSH-MUE-SOF-1001,9,2,0,7
2026-01-02,VLC01,FSH-DEC-TEX-1021,9,3,0,6
2026-01-02,VLC01,FSH-MUE-DOR-1014,14,2,3,9
2026-01-02,VLC01,FSH-DEC-ILU-1016,10,0,0,10
2026-01-02,VLC01,FSH-DEC-PAR-1025,9,2,1,6
2026-01-02,VLC01,FSH-DEC-ILU-1019,8,3,0,5
2026-01-02,VLC01,FSH-MUE-SIL-1010,6,1,0,5
2026-01-02,VLC01,FSH-MUE-MES-1004,12,2,1,9
2026-01-02,VLC01,FSH-MUE-MES-1006,5,0,0,5
2026-01-03,MAD01,FSH-DEC-TEX-1020,11,3,1,7
2026-01-03,MAD01,FSH-DEC-ILU-1017,18,3,0,15
2026-01-03,MAD01,FSH-MUE-MES-1005,8,1,0,7
2026-01-03,MAD01,FSH-MUE-DOR-1014,16,3,1,12
2026-01-03,MAD01,FSH-EXT-JAR-1028,10,1,0,9
2026-01-03,MAD01,FSH-DEC-PAR-1027,11,0,0,11
2026-01-03,MAD01,FSH-MUE-MES-1004,17,3,1,13
2026-01-03,MAD01,FSH-MUE-DOR-1015,18,3,1,14
2026-01-03,MAD01,FSH-MUE-SOF-1002,17,2,0,15
2026-01-03,MAD01,FSH-DEC-ILU-1018,7,1,0,6
2026-01-03,MAD01,FSH-DEC-ILU-1016,15,3,0,12
2026-01-03,MAD01,FSH-MUE-SOF-1001,7,1,0,6
2026-01-03,MAD01,FSH-DEC-TEX-1023,22,3,0,19
2026-01-03,MAD01,FSH-DEC-PAR-1026,5,1,0,4
2026-01-03,MAD01,FSH-MUE-MES-1007,13,2,0,11
2026-01-03,BCN01,FSH-DEC-TEX-1020,12,1,1,10
2026-01-03,BCN01,FSH-DEC-ILU-1017,10,0,0,10
2026-01-03,BCN01,FSH-MUE-MES-1005,12,1,0,11
2026-01-03,BCN01,FSH-MUE-DOR-1014,11,1,2,8
2026-01-03,BCN01,FSH-EXT-JAR-1028,14,0,0,14
2026-01-03,BCN01,FSH-DEC-PAR-1027,11,2,2,7
2026-01-03,BCN01,FSH-MUE-MES-1004,13,0,0,13
2026-01-03,BCN01,FSH-MUE-DOR-1015,7,3,0,4
2026-01-03,BCN01,FSH-MUE-SOF-1002,6,1,0,5
2026-01-03,BCN01,FSH-DEC-ILU-1018,13,1,0,12
2026-01-03,BCN01,FSH-DEC-ILU-1016,10,2,0,8
2026-01-03,BCN01,FSH-MUE-SOF-1001,6,0,0,6
2026-01-03,BCN01,FSH-DEC-TEX-1023,16,2,0,14
2026-01-03,BCN01,FSH-DEC-PAR-1026,17,1,1,15
2026-01-03,BCN01,FSH-MUE-MES-1007,9,3,1,5
2026-01-03,VLC01,FSH-DEC-TEX-1020,13,2,1,10
2026-01-03,VLC01,FSH-DEC-ILU-1017,12,1,1,10
2026-01-03,VLC01,FSH-MUE-MES-1005,16,4,0,12
2026-01-03,VLC01,FSH-MUE-DOR-1014,16,2,2,12
2026-01-03,VLC01,FSH-EXT-JAR-1028,12,1,1,10
2026-01-03,VLC01,FSH-DEC-PAR-1027,10,1,0,9
2026-01-03,VLC01,FSH-MUE-MES-1004,11,1,1,9
2026-01-03,VLC01,FSH-MUE-DOR-1015,11,1,3,7
2026-01-03,VLC01,FSH-MUE-SOF-1002,14,1,2,11
2026-01-03,VLC01,FSH-DEC-ILU-1018,8,0,0,8
2026-01-03,VLC01,FSH-DEC-ILU-1016,12,1,0,11
2026-01-03,VLC01,FSH-MUE-SOF-1001,11,3,0,8
2026-01-03,VLC01,FSH-DEC-TEX-1023,11,0,1,10
2026-01-03,VLC01,FSH-DEC-PAR-1026,13,1,0,12
2026-01-03,VLC01,FSH-MUE-MES-1007,7,2,1,4
2026-01-04,MAD01,FSH-DEC-TEX-1020,11,0,1,10
2026-01-04,MAD01,FSH-MUE-DOR-1015,11,2,0,9
2026-01-04,MAD01,FSH-DEC-ILU-1017,15,0,1,14
2026-01-04,MAD01,FSH-MUE-SOF-1002,12,2,0,10
2026-01-04,MAD01,FSH-MUE-SIL-1011,17,3,0,14
2026-01-04,MAD01,FSH-DEC-ILU-1019,11,3,0,8
2026-01-04,MAD01,FSH-DEC-ILU-1016,9,3,0,6
2026-01-04,MAD01,FSH-DEC-PAR-1027,11,3,0,8
2026-01-04,MAD01,FSH-DEC-TEX-1022,9,0,0,9
2026-01-04,MAD01,FSH-EXT-JAR-1028,11,1,0,10
2026-01-04,MAD01,FSH-DEC-TEX-1021,8,2,1,5
2026-01-04,MAD01,FSH-MUE-SOF-1000,8,0,0,8
2026-01-04,MAD01,FSH-MUE-SOF-1003,11,0,0,11
2026-01-04,MAD01,FSH-DEC-PAR-1025,11,1,1,9
2026-01-04,MAD01,FSH-MUE-SIL-1010,17,1,0,16
2026-01-04,BCN01,FSH-DEC-TEX-1020,9,2,0,7
2026-01-04,BCN01,FSH-MUE-DOR-1015,16,1,1,14
2026-01-04,BCN01,FSH-DEC-ILU-1017,10,1,0,9
2026-01-04,BCN01,FSH-MUE-SOF-1002,15,2,2,11
2026-01-04,BCN01,FSH-MUE-SIL-1011,10,2,0,8
2026-01-04,BCN01,FSH-DEC-ILU-1019,11,2,1,8
2026-01-04,BCN01,FSH-DEC-ILU-1016,13,0,1,12
2026-01-04,BCN01,FSH-DEC-PAR-1027,9,1,1,7
2026-01-04,BCN01,FSH-DEC-TEX-1022,7,3,0,4
2026-01-04,BCN01,FSH-EXT-JAR-1028,16,3,1,12
2026-01-04,BCN01,FSH-DEC-TEX-1021,13,2,0,11
2026-01-04,BCN01,FSH-MUE-SOF-1000,9,0,1,8
2026-01-04,BCN01,FSH-MUE-SOF-1003,9,2,0,7
2026-01-04,BCN01,FSH-DEC-PAR-1025,5,1,1,3
2026-01-04,BCN01,FSH-MUE-SIL-1010,10,3,0,7
2026-01-04,VLC01,FSH-DEC-TEX-1020,12,0,0,12
2026-01-04,VLC01,FSH-MUE-DOR-1015,11,1,0,10
2026-01-04,VLC01,FSH-DEC-ILU-1017,13,2,0,11
2026-01-04,VLC01,FSH-MUE-SOF-1002,6,0,1,5
2026-01-04,VLC01,FSH-MUE-SIL-1011,11,2,0,9
2026-01-04,VLC01,FSH-DEC-ILU-1019,12,3,1,8
2026-01-04,VLC01,FSH-DEC-ILU-1016,14,4,0,10
2026-01-04,VLC01,FSH-DEC-PAR-1027,9,2,0,7
2026-01-04,VLC01,FSH-DEC-TEX-1022,10,2,0,8
2026-01-04,VLC01,FSH-EXT-JAR-1028,7,2,1,4
2026-01-04,VLC01,FSH-DEC-TEX-1021,14,2,1,11
2026-01-04,VLC01,FSH-MUE-SOF-1000,15,0,1,14
2026-01-04,VLC01,FSH-MUE-SOF-1003,10,0,0,10
2026-01-04,VLC01,FSH-DEC-PAR-1025,13,0,1,12
2026-01-04,VLC01,FSH-MUE-SIL-1010,11,1,0,10
2026-01-05,MAD01,FSH-MUE-SIL-1010,6,0,0,6
2026-01-05,MAD01,FSH-DEC-ILU-1017,12,6,0,6
2026-01-05,MAD01,FSH-EXT-JAR-1031,16,2,0,14
2026-01-05,MAD01,FSH-MUE-MES-1005,14,1,0,13
2026-01-05,MAD01,FSH-DEC-PAR-1024,13,2,1,10
2026-01-05,MAD01,FSH-DEC-TEX-1020,14,4,0,10
2026-01-05,MAD01,FSH-MUE-DOR-1013,14,1,0,13
2026-01-05,MAD01,FSH-DEC-PAR-1025,10,2,1,7
2026-01-05,MAD01,FSH-MUE-SOF-1002,8,3,0,5
2026-01-05,MAD01,FSH-EXT-JAR-1028,12,2,0,10
2026-01-05,MAD01,FSH-DEC-TEX-1023,5,1,0,4
2026-01-05,MAD01,FSH-MUE-SOF-1001,9,2,0,7
2026-01-05,MAD01,FSH-EXT-JAR-1030,12,1,0,11
2026-01-05,MAD01,FSH-DEC-ILU-1018,16,3,0,13
2026-01-05,MAD01,FSH-MUE-SIL-1011,13,1,1,11
2026-01-05,BCN01,FSH-MUE-SIL-1010,13,4,0,9
2026-01-05,BCN01,FSH-DEC-ILU-1017,10,2,1,7
2026-01-05,BCN01,FSH-EXT-JAR-1031,10,1,1,8
2026-01-05,BCN01,FSH-MUE-MES-1005,11,4,0,7
2026-01-05,BCN01,FSH-DEC-PAR-1024,7,3,0,4
2026-01-05,BCN01,FSH-DEC-TEX-1020,5,1,0,4
2026-01-05,BCN01,FSH-MUE-DOR-1013,11,1,0,10
2026-01-05,BCN01,FSH-DEC-PAR-1025,17,2,1,14
2026-01-05,BCN01,FSH-MUE-SOF-1002,11,0,1,10
2026-01-05,BCN01,FSH-EXT-JAR-1028,19,6,0,13
2026-01-05,BCN01,FSH-DEC-TEX-1023,12,2,0,10
2026-01-05,BCN01,FSH-MUE-SOF-1001,10,1,0,9
2026-01-05,BCN01,FSH-EXT-JAR-1030,15,0,1,14
2026-01-05,BCN01,FSH-DEC-ILU-1018,13,2,0,11
2026-01-05,BCN01,FSH-MUE-SIL-1011,15,0,1,14
2026-01-05,VLC01,FSH-MUE-SIL-1010,17,2,0,15
2026-01-05,VLC01,FSH-DEC-ILU-1017,8,1,0,7
2026-01-05,VLC01,FSH-EXT-JAR-1031,13,0,0,13
2026-01-05,VLC01,FSH-MUE-MES-1005,13,3,0,10
2026-01-05,VLC01,FSH-DEC-PAR-1024,19,5,3,11
2026-01-05,VLC01,FSH-DEC-TEX-1020,8,0,0,8
2026-01-05,VLC01,FSH-MUE-DOR-1013,12,4,1,7
2026-01-05,VLC01,FSH-DEC-PAR-1025,12,4,0,8
2026-01-05,VLC01,FSH-MUE-SOF-1002,16,1,0,15
2026-01-05,VLC01,FSH-EXT-JAR-1028,13,0,1,12
2026-01-05,VLC01,FSH-DEC-TEX-1023,17,1,1,15
2026-01-05,VLC01,FSH-MUE-SOF-1001,16,2,1,13
2026-01-05,VLC01,FSH-EXT-JAR-1030,13,2,1,10
2026-01-05,VLC01,FSH-DEC-ILU-1018,13,4,0,9
2026-01-05,VLC01,FSH-MUE-SIL-1011,13,2,1,10
2026-01-06,MAD01,FSH-MUE-MES-1007,8,1,1,6
2026-01-06,MAD01,FSH-EXT-JAR-1028,12,2,0,10
2026-01-06,MAD01,FSH-DEC-TEX-1021,11,1,0,10
2026-01-06,MAD01,FSH-MUE-SOF-1000,11,1,0,10
2026-01-06,MAD01,FSH-DEC-TEX-1023,12,3,0,9
2026-01-06,MAD01,FSH-EXT-JAR-1030,12,0,1,11
2026-01-06,MAD01,FSH-EXT-JAR-1029,4,0,0,4
2026-01-06,MAD01,FSH-DEC-PAR-1024,12,0,2,10
2026-01-06,MAD01,FSH-MUE-MES-1006,16,1,0,15
2026-01-06,MAD01,FSH-MUE-MES-1005,7,1,0,6
2026-01-06,MAD01,FSH-DEC-ILU-1017,8,1,0,7
2026-01-06,MAD01,FSH-DEC-ILU-1019,13,2,0,11
2026-01-06,MAD01,FSH-MUE-SOF-1002,8,3,0,5
2026-01-06,MAD01,FSH-MUE-SIL-1008,14,2,0,12
2026-01-06,MAD01,FSH-DEC-ILU-1018,7,2,0,5
2026-01-06,BCN01,FSH-MUE-MES-1007,12,4,0,8
2026-01-06,BCN01,FSH-EXT-JAR-1028,10,2,2,6
2026-01-06,BCN01,FSH-DEC-TEX-1021,16,2,0,14
2026-01-06,BCN01,FSH-MUE-SOF-1000,15,3,0,12
2026-01-06,BCN01,FSH-DEC-TEX-1023,13,3,1,9
2026-01-06,BCN01,FSH-EXT-JAR-1030,8,1,0,7
2026-01-06,BCN01,FSH-EXT-JAR-1029,11,0,2,9
2026-01-06,BCN01,FSH-DEC-PAR-1024,10,1,0,9
2026-01-06,BCN01,FSH-MUE-MES-1006,10,2,0,8
2026-01-06,BCN01,FSH-MUE-MES-1005,12,2,0,10
2026-01-06,BCN01,FSH-DEC-ILU-1017,15,2,1,12
2026-01-06,BCN01,FSH-DEC-ILU-1019,13,3,0,10
2026-01-06,BCN01,FSH-MUE-SOF-1002,15,3,0,12
2026-01-06,BCN01,FSH-MUE-SIL-1008,7,1,0,6
2026-01-06,BCN01,FSH-DEC-ILU-1018,12,0,0,12
2026-01-06,VLC01,FSH-MUE-MES-1007,10,0,0,10
2026-01-06,VLC01,FSH-EXT-JAR-1028,19,3,0,16
2026-01-06,VLC01,FSH-DEC-TEX-1021,13,2,0,11
2026-01-06,VLC01,FSH-MUE-SOF-1000,17,0,2,15
2026-01-06,VLC01,FSH-DEC-TEX-1023,13,2,1,10
2026-01-06,VLC01,FSH-EXT-JAR-1030,18,1,0,17
2026-01-06,VLC01,FSH-EXT-JAR-1029,8,1,0,7
2026-01-06,VLC01,FSH-DEC-PAR-1024,13,2,0,11
2026-01-06,VLC01,FSH-MUE-MES-1006,6,1,0,5
2026-01-06,VLC01,FSH-MUE-MES-1005,10,2,0,8
2026-01-06,VLC01,FSH-DEC-ILU-1017,14,3,2,9
2026-01-06,VLC01,FSH-DEC-ILU-1019,17,3,1,13
2026-01-06,VLC01,FSH-MUE-SOF-1002,10,0,0,10
2026-01-06,VLC01,FSH-MUE-SIL-1008,17,1,0,16
2026-01-06,VLC01,FSH-DEC-ILU-1018,16,3,0,13
2026-01-07,MAD01,FSH-MUE-SOF-1002,10,1,2,7
2026-01-07,MAD01,FSH-DEC-PAR-1026,10,2,1,7
2026-01-07,MAD01,FSH-MUE-SOF-1001,21,1,1,19
2026-01-07,MAD01,FSH-MUE-SIL-1009,14,1,0,13
2026-01-07,MAD01,FSH-MUE-DOR-1013,10,2,1,7
2026-01-07,MAD01,FSH-MUE-MES-1005,9,1,0,8
2026-01-07,MAD01,FSH-DEC-TEX-1020,11,3,1,7
2026-01-07,MAD01,FSH-DEC-ILU-1016,11,0,0,11
2026-01-07,MAD01,FSH-DEC-PAR-1027,7,0,1,6
2026-01-07,MAD01,FSH-DEC-ILU-1017,17,4,1,12
2026-01-07,MAD01,FSH-DEC-TEX-1021,15,3,2,10
2026-01-07,MAD01,FSH-MUE-SIL-1011,14,2,1,11
2026-01-07,MAD01,FSH-EXT-JAR-1031,12,1,1,10
2026-01-07,MAD01,FSH-MUE-DOR-1012,16,5,0,11
2026-01-07,MAD01,FSH-DEC-ILU-1018,14,3,2,9
2026-01-07,BCN01,FSH-MUE-SOF-1002,10,0,1,9
2026-01-07,BCN01,FSH-DEC-PAR-1026,15,1,2,12
2026-01-07,BCN01,FSH-MUE-SOF-1001,8,2,0,6
2026-01-07,BCN01,FSH-MUE-SIL-1009,16,1,2,13
2026-01-07,BCN01,FSH-MUE-DOR-1013,12,2,0,10
2026-01-07,BCN01,FSH-MUE-MES-1005,13,3,1,9
2026-01-07,BCN01,FSH-DEC-TEX-1020,14,3,1,10
2026-01-07,BCN01,FSH-DEC-ILU-1016,14,4,1,9
2026-01-07,BCN01,FSH-DEC-PAR-1027,7,2,0,5
2026-01-07,BCN01,FSH-DEC-ILU-1017,13,1,2,10
2026-01-07,BCN01,FSH-DEC-TEX-1021,10,1,0,9
2026-01-07,BCN01,FSH-MUE-SIL-1011,10,1,0,9
2026-01-07,BCN01,FSH-EXT-JAR-1031,17,2,0,15
2026-01-07,BCN01,FSH-MUE-DOR-1012,6,1,0,5
2026-01-07,BCN01,FSH-DEC-ILU-1018,11,1,1,9
2026-01-07,VLC01,FSH-MUE-SOF-1002,14,2,0,12
2026-01-07,VLC01,FSH-DEC-PAR-1026,15,2,1,12
2026-01-07,VLC01,FSH-MUE-SOF-1001,18,1,0,17
2026-01-07,VLC01,FSH-MUE-SIL-1009,11,0,2,9
2026-01-07,VLC01,FSH-MUE-DOR-1013,8,0,1,7
2026-01-07,VLC01,FSH-MUE-MES-1005,18,1,1,16
2026-01-07,VLC01,FSH-DEC-TEX-1020,10,2,1,7
2026-01-07,VLC01,FSH-DEC-ILU-1016,7,4,0,3
2026-01-07,VLC01,FSH-DEC-PAR-1027,5,0,0,5
2026-01-07,VLC01,FSH-DEC-ILU-1017,15,2,1,12
2026-01-07,VLC01,FSH-DEC-TEX-1021,12,3,0,9
2026-01-07,VLC01,FSH-MUE-SIL-1011,15,6,0,9
2026-01-07,VLC01,FSH-EXT-JAR-1031,9,4,1,4
2026-01-07,VLC01,FSH-MUE-DOR-1012,7,1,0,6
2026-01-07,VLC01,FSH-DEC-ILU-1018,11,3,0,8
2026-01-08,MAD01,FSH-DEC-PAR-1027,16,2,0,14
2026-01-08,MAD01,FSH-MUE-SOF-1000,9,0,0,9
2026-01-08,MAD01,FSH-MUE-MES-1007,10,1,1,8
2026-01-08,MAD01,FSH-DEC-ILU-1018,17,2,0,15
2026-01-08,MAD01,FSH-MUE-DOR-1015,20,2,0,18
2026-01-08,MAD01,FSH-MUE-MES-1004,10,2,0,8
2026-01-08,MAD01,FSH-EXT-JAR-1031,13,0,2,11
2026-01-08,MAD01,FSH-MUE-SOF-1001,12,4,0,8
2026-01-08,MAD01,FSH-DEC-TEX-1023,16,4,0,12
2026-01-08,MAD01,FSH-MUE-MES-1006,12,4,1,7
2026-01-08,MAD01,FSH-EXT-JAR-1030,8,1,0,7
2026-01-08,MAD01,FSH-MUE-SIL-1011,11,0,1,10
2026-01-08,MAD01,FSH-MUE-SOF-1002,8,1,1,6
2026-01-08,MAD01,FSH-MUE-DOR-1014,15,1,1,13
2026-01-08,MAD01,FSH-DEC-TEX-1022,6,1,0,5
2026-01-08,BCN01,FSH-DEC-PAR-1027,20,1,0,19
2026-01-08,BCN01,FSH-MUE-SOF-1000,11,0,1,10
2026-01-08,BCN01,FSH-MUE-MES-1007,11,1,1,9
2026-01-08,BCN01,FSH-DEC-ILU-1018,8,3,1,4
2026-01-08,BCN01,FSH-MUE-DOR-1015,17,4,0,13
2026-01-08,BCN01,FSH-MUE-MES-1004,10,2,0,8
2026-01-08,BCN01,FSH-EXT-JAR-1031,8,2,0,6
2026-01-08,BCN01,FSH-MUE-SOF-1001,7,0,0,7
2026-01-08,BCN01,FSH-DEC-TEX-1023,13,3,0,10
2026-01-08,BCN01,FSH-MUE-MES-1006,16,2,1,13
2026-01-08,BCN01,FSH-EXT-JAR-1030,8,2,0,6
2026-01-08,BCN01,FSH-MUE-SIL-1011,14,3,0,11
2026-01-08,BCN01,FSH-MUE-SOF-1002,5,0,0,5
2026-01-08,BCN01,FSH-MUE-DOR-1014,6,0,0,6
2026-01-08,BCN01,FSH-DEC-TEX-1022,18,3,0,15
2026-01-08,VLC01,FSH-DEC-PAR-1027,10,0,2,8
2026-01-08,VLC01,FSH-MUE-SOF-1000,9,1,1,7
2026-01-08,VLC01,FSH-MUE-MES-1007,12,1,0,11
2026-01-08,VLC01,FSH-DEC-ILU-1018,18,2,1,15
2026-01-08,VLC01,FSH-MUE-DOR-1015,15,4,0,11
2026-01-08,VLC01,FSH-MUE-MES-1004,9,0,1,8
2026-01-08,VLC01,FSH-EXT-JAR-1031,18,2,3,13
2026-01-08,VLC01,FSH-MUE-SOF-1001,11,1,1,9
2026-01-08,VLC01,FSH-DEC-TEX-1023,13,3,0,10
2026-01-08,VLC01,FSH-MUE-MES-1006,11,1,1,9
2026-01-08,VLC01,FSH-EXT-JAR-1030,19,4,1,14
2026-01-08,VLC01,FSH-MUE-SIL-1011,16,0,0,16
2026-01-08,VLC01,FSH-MUE-SOF-1002,14,3,0,11
2026-01-08,VLC01,FSH-MUE-DOR-1014,13,3,0,10
2026-01-08,VLC01,FSH-DEC-TEX-1022,9,2,0,7
2026-01-09,MAD01,FSH-MUE-MES-1004,11,3,0,8
2026-01-09,MAD01,FSH-DEC-ILU-1019,14,2,0,12
2026-01-09,MAD01,FSH-MUE-SIL-1009,9,0,2,7
2026-01-09,MAD01,FSH-MUE-DOR-1013,9,2,0,7
2026-01-09,MAD01,FSH-MUE-SIL-1011,8,1,1,6
2026-01-09,MAD01,FSH-MUE-MES-1005,13,2,0,11
2026-01-09,MAD01,FSH-MUE-MES-1007,17,2,1,14
2026-01-09,MAD01,FSH-MUE-SOF-1003,13,2,1,10
2026-01-09,MAD01,FSH-DEC-ILU-1016,10,0,1,9
2026-01-09,MAD01,FSH-DEC-TEX-1023,16,2,0,14
2026-01-09,MAD01,FSH-DEC-ILU-1018,14,2,0,12
2026-01-09,MAD01,FSH-MUE-MES-1006,9,1,0,8
2026-01-09,MAD01,FSH-MUE-SOF-1002,16,2,2,12
2026-01-09,MAD01,FSH-MUE-DOR-1015,12,0,1,11
2026-01-09,MAD01,FSH-DEC-PAR-1027,7,1,0,6
2026-01-09,BCN01,FSH-MUE-MES-1004,13,1,1,11
2026-01-09,BCN01,FSH-DEC-ILU-1019,18,3,0,15
2026-01-09,BCN01,FSH-MUE-SIL-1009,14,2,0,12
2026-01-09,BCN01,FSH-MUE-DOR-1013,12,2,0,10
2026-01-09,BCN01,FSH-MUE-SIL-1011,15,0,0,15
2026-01-09,BCN01,FSH-MUE-MES-1005,14,1,1,12
2026-01-09,BCN01,FSH-MUE-MES-1007,18,2,1,15
2026-01-09,BCN01,FSH-MUE-SOF-1003,15,0,3,12
2026-01-09,BCN01,FSH-DEC-ILU-1016,12,1,0,11
2026-01-09,BCN01,FSH-DEC-TEX-1023,11,0,1,10
2026-01-09,BCN01,FSH-DEC-ILU-1018,9,1,1,7
2026-01-09,BCN01,FSH-MUE-MES-1006,7,0,1,6
2026-01-09,BCN01,FSH-MUE-SOF-1002,7,1,1,5
2026-01-09,BCN01,FSH-MUE-DOR-1015,9,0,0,9
2026-01-09,BCN01,FSH-DEC-PAR-1027,13,1,0,12
2026-01-09,VLC01,FSH-MUE-MES-1004,7,0,1,6
2026-01-09,VLC01,FSH-DEC-ILU-1019,16,3,0,13
2026-01-09,VLC01,FSH-MUE-SIL-1009,13,2,1,10
2026-01-09,VLC01,FSH-MUE-DOR-1013,10,3,0,7
2026-01-09,VLC01,FSH-MUE-SIL-1011,12,2,0,10
2026-01-09,VLC01,FSH-MUE-MES-1005,9,2,0,7
2026-01-09,VLC01,FSH-MUE-MES-1007,12,0,2,10
2026-01-09,VLC01,FSH-MUE-SOF-1003,11,0,1,10
2026-01-09,VLC01,FSH-DEC-ILU-1016,18,1,1,16
2026-01-09,VLC01,FSH-DEC-TEX-1023,15,4,1,10
2026-01-09,VLC01,FSH-DEC-ILU-1018,17,1,0,16
2026-01-09,VLC01,FSH-MUE-MES-1006,9,2,0,7
2026-01-09,VLC01,FSH-MUE-SOF-1002,10,2,0,8
2026-01-09,VLC01,FSH-MUE-DOR-1015,9,0,0,9
2026-01-09,VLC01,FSH-DEC-PAR-1027,12,5,0,7
2026-01-10,MAD01,FSH-DEC-TEX-1020,7,2,0,5
2026-01-10,MAD01,FSH-MUE-MES-1007,13,0,0,13
2026-01-10,MAD01,FSH-MUE-MES-1005,6,2,0,4
2026-01-10,MAD01,FSH-MUE-SOF-1002,16,5,1,10
2026-01-10,MAD01,FSH-MUE-SOF-1003,19,2,2,15
2026-01-10,MAD01,FSH-DEC-TEX-1021,9,2,1,6
2026-01-10,MAD01,FSH-MUE-DOR-1013,18,4,1,13
2026-01-10,MAD01,FSH-EXT-JAR-1028,5,0,0,5
2026-01-10,MAD01,FSH-MUE-DOR-1012,11,1,1,9
2026-01-10,MAD01,FSH-MUE-SOF-1001,9,2,0,7
2026-01-10,MAD01,FSH-DEC-ILU-1019,13,3,0,10
2026-01-10,MAD01,FSH-MUE-DOR-1014,5,1,0,4
2026-01-10,MAD01,FSH-DEC-ILU-1018,10,0,0,10
2026-01-10,MAD01,FSH-MUE-MES-1006,17,3,1,13
2026-01-10,MAD01,FSH-MUE-SIL-1011,11,1,0,10
2026-01-10,BCN01,FSH-DEC-TEX-1020,14,2,2,10
2026-01-10,BCN01,FSH-MUE-MES-1007,11,3,1,7
2026-01-10,BCN01,FSH-MUE-MES-1005,13,3,0,10
2026-01-10,BCN01,FSH-MUE-SOF-1002,12,4,1,7
2026-01-10,BCN01,FSH-MUE-SOF-1003,12,2,0,10
2026-01-10,BCN01,FSH-DEC-TEX-1021,17,4,1,12
2026-01-10,BCN01,FSH-MUE-DOR-1013,12,2,1,9
2026-01-10,BCN01,FSH-EXT-JAR-1028,10,0,0,10
2026-01-10,BCN01,FSH-MUE-DOR-1012,15,1,0,14
2026-01-10,BCN01,FSH-MUE-SOF-1001,12,3,0,9
2026-01-10,BCN01,FSH-DEC-ILU-1019,4,1,0,3
2026-01-10,BCN01,FSH-MUE-DOR-1014,8,0,1,7
2026-01-10,BCN01,FSH-DEC-ILU-1018,7,1,0,6
2026-01-10,BCN01,FSH-MUE-MES-1006,17,3,0,14
2026-01-10,BCN01,FSH-MUE-SIL-1011,11,3,0,8
2026-01-10,VLC01,FSH-DEC-TEX-1020,21,3,0,18
2026-01-10,VLC01,FSH-MUE-MES-1007,20,3,0,17
2026-01-10,VLC01,FSH-MUE-MES-1005,9,5,0,4
2026-01-10,VLC01,FSH-MUE-SOF-1002,13,1,0,12
2026-01-10,VLC01,FSH-MUE-SOF-1003,12,1,0,11
2026-01-10,VLC01,FSH-DEC-TEX-1021,19,3,2,14
2026-01-10,VLC01,FSH-MUE-DOR-1013,19,1,3,15
2026-01-10,VLC01,FSH-EXT-JAR-1028,12,1,0,11
2026-01-10,VLC01,FSH-MUE-DOR-1012,14,6,0,8
2026-01-10,VLC01,FSH-MUE-SOF-1001,12,1,0,11
2026-01-10,VLC01,FSH-DEC-ILU-1019,12,1,0,11
2026-01-10,VLC01,FSH-MUE-DOR-1014,14,6,0,8
2026-01-10,VLC01,FSH-DEC-ILU-1018,11,1,0,10
2026-01-10,VLC01,FSH-MUE-MES-1006,10,2,0,8
2026-01-10,VLC01,FSH-MUE-SIL-1011,15,2,1,12
2026-01-11,MAD01,FSH-MUE-SIL-1008,9,1,0,8
2026-01-11,MAD01,FSH-MUE-MES-1006,12,4,0,8
2026-01-11,MAD01,FSH-MUE-DOR-1015,16,3,2,11
2026-01-11,MAD01,FSH-MUE-SIL-1009,13,1,0,12
2026-01-11,MAD01,FSH-MUE-DOR-1014,11,3,0,8
2026-01-11,MAD01,FSH-DEC-ILU-1019,9,3,1,5
2026-01-11,MAD01,FSH-MUE-SOF-1003,11,2,1,8
2026-01-11,MAD01,FSH-DEC-TEX-1022,9,0,0,9
2026-01-11,MAD01,FSH-DEC-TEX-1020,11,1,0,10
2026-01-11,MAD01,FSH-EXT-JAR-1029,10,1,2,7
2026-01-11,MAD01,FSH-MUE-SIL-1011,11,2,2,7
2026-01-11,MAD01,FSH-MUE-MES-1005,9,2,0,7
2026-01-11,MAD01,FSH-MUE-SIL-1010,15,4,0,11
2026-01-11,MAD01,FSH-DEC-PAR-1024,16,1,0,15
2026-01-11,MAD01,FSH-EXT-JAR-1028,20,2,0,18
2026-01-11,BCN01,FSH-MUE-SIL-1008,13,1,0,12
2026-01-11,BCN01,FSH-MUE-MES-1006,9,1,1,7
2026-01-11,BCN01,FSH-MUE-DOR-1015,9,1,2,6
2026-01-11,BCN01,FSH-MUE-SIL-1009,9,1,0,8
2026-01-11,BCN01,FSH-MUE-DOR-1014,12,3,1,8
2026-01-11,BCN01,FSH-DEC-ILU-1019,10,1,0,9
2026-01-11,BCN01,FSH-MUE-SOF-1003,14,2,0,12
2026-01-11,BCN01,FSH-DEC-TEX-1022,14,1,1,12
2026-01-11,BCN01,FSH-DEC-TEX-1020,10,2,1,7
2026-01-11,BCN01,FSH-EXT-JAR-1029,14,4,0,10
2026-01-11,BCN01,FSH-MUE-SIL-1011,15,1,0,14
2026-01-11,BCN01,FSH-MUE-MES-1005,10,3,0,7
2026-01-11,BCN01,FSH-MUE-SIL-1010,13,0,0,13
2026-01-11,BCN01,FSH-DEC-PAR-1024,12,1,0,11
2026-01-11,BCN01,FSH-EXT-JAR-1028,10,1,0,9
2026-01-11,VLC01,FSH-MUE-SIL-1008,18,3,0,15
2026-01-11,VLC01,FSH-MUE-MES-1006,15,3,1,11
2026-01-11,VLC01,FSH-MUE-DOR-1015,13,2,0,11
2026-01-11,VLC01,FSH-MUE-SIL-1009,6,0,0,6
2026-01-11,VLC01,FSH-MUE-DOR-1014,15,1,0,14
2026-01-11,VLC01,FSH-DEC-ILU-1019,17,2,0,15
2026-01-11,VLC01,FSH-MUE-SOF-1003,16,1,0,15
2026-01-11,VLC01,FSH-DEC-TEX-1022,4,0,0,4
2026-01-11,VLC01,FSH-DEC-TEX-1020,11,2,1,8
2026-01-11,VLC01,FSH-EXT-JAR-1029,14,3,0,11
2026-01-11,VLC01,FSH-MUE-SIL-1011,13,6,0,7
2026-01-11,VLC01,FSH-MUE-MES-1005,10,0,1,9
2026-01-11,VLC01,FSH-MUE-SIL-1010,14,5,2,7
2026-01-11,VLC01,FSH-DEC-PAR-1024,13,1,1,11
2026-01-11,VLC01,FSH-EXT-JAR-1028,11,1,1,9
2026-01-12,MAD01,FSH-MUE-MES-1007,14,0,0,14
2026-01-12,MAD01,FSH-DEC-PAR-1024,13,2,0,11
2026-01-12,MAD01,FSH-DEC-ILU-1018,12,2,1,9
2026-01-12,MAD01,FSH-MUE-DOR-1014,14,1,0,13
2026-01-12,MAD01,FSH-MUE-SOF-1001,14,2,1,11
2026-01-12,MAD01,FSH-DEC-TEX-1023,17,2,0,15
2026-01-12,MAD01,FSH-MUE-MES-1004,9,2,1,6
2026-01-12,MAD01,FSH-MUE-DOR-1015,9,0,0,9
2026-01-12,MAD01,FSH-DEC-PAR-1025,15,4,0,11
2026-01-12,MAD01,FSH-MUE-SIL-1009,10,0,1,9
2026-01-12,MAD01,FSH-DEC-TEX-1021,13,1,0,12
2026-01-12,MAD01,FSH-MUE-SIL-1008,5,2,0,3
2026-01-12,MAD01,FSH-DEC-ILU-1019,16,2,1,13
2026-01-12,MAD01,FSH-MUE-SOF-1000,9,2,0,7
2026-01-12,MAD01,FSH-MUE-SIL-1010,13,2,0,11
2026-01-12,BCN01,FSH-MUE-MES-1007,10,0,1,9
2026-01-12,BCN01,FSH-DEC-PAR-1024,13,0,1,12
2026-01-12,BCN01,FSH-DEC-ILU-1018,13,3,1,9
2026-01-12,BCN01,FSH-MUE-DOR-1014,16,3,1,12
2026-01-12,BCN01,FSH-MUE-SOF-1001,10,1,2,7
2026-01-12,BCN01,FSH-DEC-TEX-1023,8,0,0,8
2026-01-12,BCN01,FSH-MUE-MES-1004,12,1,0,11
2026-01-12,BCN01,FSH-MUE-DOR-1015,15,4,0,11
2026-01-12,BCN01,FSH-DEC-PAR-1025,13,1,1,11
2026-01-12,BCN01,FSH-MUE-SIL-1009,13,1,0,12
2026-01-12,BCN01,FSH-DEC-TEX-1021,10,1,0,9
2026-01-12,BCN01,FSH-MUE-SIL-1008,7,2,0,5
2026-01-12,BCN01,FSH-DEC-ILU-1019,19,2,0,17
2026-01-12,BCN01,FSH-MUE-SOF-1000,10,0,0,10
2026-01-12,BCN01,FSH-MUE-SIL-1010,11,0,0,11
2026-01-12,VLC01,FSH-MUE-MES-1007,13,0,0,13
2026-01-12,VLC01,FSH-DEC-PAR-1024,10,1,1,8
2026-01-12,VLC01,FSH-DEC-ILU-1018,14,1,0,13
2026-01-12,VLC01,FSH-MUE-DOR-1014,11,2,1,8
2026-01-12,VLC01,FSH-MUE-SOF-1001,14,5,2,7
2026-01-12,VLC01,FSH-DEC-TEX-1023,14,3,0,11
2026-01-12,VLC01,FSH-MUE-MES-1004,11,1,0,10
2026-01-12,VLC01,FSH-MUE-DOR-1015,10,3,1,6
2026-01-12,VLC01,FSH-DEC-PAR-1025,15,0,0,15
2026-01-12,VLC01,FSH-MUE-SIL-1009,18,4,0,14
2026-01-12,VLC01,FSH-DEC-TEX-1021,14,2,1,11
2026-01-12,VLC01,FSH-MUE-SIL-1008,8,0,0,8
2026-01-12,VLC01,FSH-DEC-ILU-1019,11,0,0,11
2026-01-12,VLC01,FSH-MUE-SOF-1000,18,4,4,10
2026-01-12,VLC01,FSH-MUE-SIL-1010,9,2,2,5
2026-01-13,MAD01,FSH-DEC-TEX-1022,18,4,0,14
2026-01-13,MAD01,FSH-MUE-MES-1007,8,0,0,8
2026-01-13,MAD01,FSH-MUE-SIL-1008,16,1,0,15
2026-01-13,MAD01,FSH-DEC-PAR-1024,11,5,1,5
2026-01-13,MAD01,FSH-EXT-JAR-1031,10,0,0,10
2026-01-13,MAD01,FSH-MUE-SOF-1001,12,2,1,9
2026-01-13,MAD01,FSH-EXT-JAR-1028,14,2,1,11
2026-01-13,MAD01,FSH-DEC-ILU-1017,6,1,2,3
2026-01-13,MAD01,FSH-DEC-PAR-1027,12,1,1,10
2026-01-13,MAD01,FSH-MUE-DOR-1015,11,2,0,9
2026-01-13,MAD01,FSH-DEC-ILU-1019,8,0,1,7
2026-01-13,MAD01,FSH-DEC-TEX-1023,9,2,0,7
2026-01-13,MAD01,FSH-MUE-SOF-1000,12,4,1,7
2026-01-13,MAD01,FSH-DEC-TEX-1021,16,3,0,13
2026-01-13,MAD01,FSH-MUE-MES-1004,13,2,0,11
2026-01-13,BCN01,FSH-DEC-TEX-1022,11,1,1,9
2026-01-13,BCN01,FSH-MUE-MES-1007,9,1,0,8
2026-01-13,BCN01,FSH-MUE-SIL-1008,9,2,0,7
2026-01-13,BCN01,FSH-DEC-PAR-1024,14,2,0,12
2026-01-13,BCN01,FSH-EXT-JAR-1031,13,6,0,7
2026-01-13,BCN01,FSH-MUE-SOF-1001,12,4,1,7
2026-01-13,BCN01,FSH-EXT-JAR-1028,11,2,0,9
2026-01-13,BCN01,FSH-DEC-ILU-1017,8,0,1,7
2026-01-13,BCN01,FSH-DEC-PAR-1027,12,2,0,10
2026-01-13,BCN01,FSH-MUE-DOR-1015,11,2,0,9
2026-01-13,BCN01,FSH-DEC-ILU-1019,15,1,0,14
2026-01-13,BCN01,FSH-DEC-TEX-1023,18,2,1,15
2026-01-13,BCN01,FSH-MUE-SOF-1000,14,2,0,12
2026-01-13,BCN01,FSH-DEC-TEX-1021,21,4,0,17
2026-01-13,BCN01,FSH-MUE-MES-1004,14,3,1,10
2026-01-13,VLC01,FSH-DEC-TEX-1022,17,2,0,15
2026-01-13,VLC01,FSH-MUE-MES-1007,9,1,0,8
2026-01-13,VLC01,FSH-MUE-SIL-1008,9,3,1,5
2026-01-13,VLC01,FSH-DEC-PAR-1024,10,0,1,9
2026-01-13,VLC01,FSH-EXT-JAR-1031,16,1,1,14
2026-01-13,VLC01,FSH-MUE-SOF-1001,13,2,0,11
2026-01-13,VLC01,FSH-EXT-JAR-1028,11,3,0,8
2026-01-13,VLC01,FSH-DEC-ILU-1017,19,4,1,14
2026-01-13,VLC01,FSH-DEC-PAR-1027,16,5,0,11
2026-01-13,VLC01,FSH-MUE-DOR-1015,8,1,0,7
2026-01-13,VLC01,FSH-DEC-ILU-1019,4,0,0,4
2026-01-13,VLC01,FSH-DEC-TEX-1023,18,4,0,14
2026-01-13,VLC01,FSH-MUE-SOF-1000,12,2,0,10
2026-01-13,VLC01,FSH-DEC-TEX-1021,14,3,0,11
2026-01-13,VLC01,FSH-MUE-MES-1004,8,0,1,7
2026-01-14,MAD01,FSH-MUE-SOF-1002,13,4,0,9
2026-01-14,MAD01,FSH-EXT-JAR-1029,6,0,1,5
2026-01-14,MAD01,FSH-DEC-PAR-1027,12,3,0,9
2026-01-14,MAD01,FSH-DEC-ILU-1019,12,0,0,12
2026-01-14,MAD01,FSH-MUE-SOF-1003,7,0,1,6
2026-01-14,MAD01,FSH-EXT-JAR-1028,7,1,1,5
2026-01-14,MAD01,FSH-MUE-SOF-1001,9,1,1,7
2026-01-14,MAD01,FSH-MUE-SIL-1009,17,4,1,12
2026-01-14,MAD01,FSH-DEC-TEX-1021,7,0,1,6
2026-01-14,MAD01,FSH-MUE-DOR-1014,15,2,1,12
2026-01-14,MAD01,FSH-MUE-MES-1005,19,6,1,12
2026-01-14,MAD01,FSH-DEC-ILU-1017,11,2,0,9
2026-01-14,MAD01,FSH-DEC-PAR-1026,12,3,0,9
2026-01-14,MAD01,FSH-DEC-ILU-1018,10,2,0,8
2026-01-14,MAD01,FSH-MUE-DOR-1015,15,2,0,13
2026-01-14,BCN01,FSH-MUE-SOF-1002,10,1,0,9
2026-01-14,BCN01,FSH-EXT-JAR-1029,12,1,0,11
2026-01-14,BCN01,FSH-DEC-PAR-1027,21,2,0,19
2026-01-14,BCN01,FSH-DEC-ILU-1019,11,1,1,9
2026-01-14,BCN01,FSH-MUE-SOF-1003,15,2,0,13
2026-01-14,BCN01,FSH-EXT-JAR-1028,15,4,0,11
2026-01-14,BCN01,FSH-MUE-SOF-1001,17,3,0,14
2026-01-14,BCN01,FSH-MUE-SIL-1009,17,1,1,15
2026-01-14,BCN01,FSH-DEC-TEX-1021,6,2,1,3
2026-01-14,BCN01,FSH-MUE-DOR-1014,11,2,0,9
2026-01-14,BCN01,FSH-MUE-MES-1005,14,6,0,8
2026-01-14,BCN01,FSH-DEC-ILU-1017,14,1,0,13
2026-01-14,BCN01,FSH-DEC-PAR-1026,15,1,0,14
2026-01-14,BCN01,FSH-DEC-ILU-1018,10,2,0,8
2026-01-14,BCN01,FSH-MUE-DOR-1015,6,0,0,6
2026-01-14,VLC01,FSH-MUE-SOF-1002,18,4,0,14
2026-01-14,VLC01,FSH-EXT-JAR-1029,10,3,1,6
2026-01-14,VLC01,FSH-DEC-PAR-1027,8,1,0,7
2026-01-14,VLC01,FSH-DEC-ILU-1019,19,3,0,16
2026-01-14,VLC01,FSH-MUE-SOF-1003,5,0,0,5
2026-01-14,VLC01,FSH-EXT-JAR-1028,14,3,0,11
2026-01-14,VLC01,FSH-MUE-SOF-1001,10,1,0,9
2026-01-14,VLC01,FSH-MUE-SIL-1009,12,5,0,7
2026-01-14,VLC01,FSH-DEC-TEX-1021,8,1,0,7
2026-01-14,VLC01,FSH-MUE-DOR-1014,16,2,1,13
2026-01-14,VLC01,FSH-MUE-MES-1005,8,1,0,7
2026-01-14,VLC01,FSH-DEC-ILU-1017,9,4,0,5
2026-01-14,VLC01,FSH-DEC-PAR-1026,15,1,0,14
2026-01-14,VLC01,FSH-DEC-ILU-1018,8,1,1,6
2026-01-14,VLC01,FSH-MUE-DOR-1015,19,1,0,18
2026-01-15,MAD01,FSH-EXT-JAR-1029,16,0,1,15
2026-01-15,MAD01,FSH-DEC-TEX-1020,11,2,0,9
2026-01-15,MAD01,FSH-DEC-PAR-1024,19,2,0,17
2026-01-15,MAD01,FSH-DEC-ILU-1016,7,1,1,5
2026-01-15,MAD01,FSH-MUE-DOR-1014,15,2,0,13
2026-01-15,MAD01,FSH-DEC-ILU-1018,8,2,0,6
2026-01-15,MAD01,FSH-DEC-ILU-1019,11,2,0,9
2026-01-15,MAD01,FSH-MUE-SOF-1001,11,3,0,8
2026-01-15,MAD01,FSH-MUE-SOF-1002,8,2,0,6
2026-01-15,MAD01,FSH-EXT-JAR-1031,6,1,0,5
2026-01-15,MAD01,FSH-MUE-MES-1006,13,3,1,9
2026-01-15,MAD01,FSH-MUE-SOF-1003,6,0,0,6
2026-01-15,MAD01,FSH-EXT-JAR-1028,12,2,1,9
2026-01-15,MAD01,FSH-DEC-PAR-1025,9,2,0,7
2026-01-15,MAD01,FSH-MUE-SIL-1009,7,1,0,6
2026-01-15,BCN01,FSH-EXT-JAR-1029,18,3,1,14
2026-01-15,BCN01,FSH-DEC-TEX-1020,14,2,1,11
2026-01-15,BCN01,FSH-DEC-PAR-1024,13,3,0,10
2026-01-15,BCN01,FSH-DEC-ILU-1016,11,1,2,8
2026-01-15,BCN01,FSH-MUE-DOR-1014,10,3,0,7
2026-01-15,BCN01,FSH-DEC-ILU-1018,10,1,0,9
2026-01-15,BCN01,FSH-DEC-ILU-1019,15,2,0,13
2026-01-15,BCN01,FSH-MUE-SOF-1001,11,3,0,8
2026-01-15,BCN01,FSH-MUE-SOF-1002,12,1,0,11
2026-01-15,BCN01,FSH-EXT-JAR-1031,18,3,1,14
2026-01-15,BCN01,FSH-MUE-MES-1006,12,1,0,11
2026-01-15,BCN01,FSH-MUE-SOF-1003,11,0,0,11
2026-01-15,BCN01,FSH-EXT-JAR-1028,14,2,0,12
2026-01-15,BCN01,FSH-DEC-PAR-1025,15,1,0,14
2026-01-15,BCN01,FSH-MUE-SIL-1009,10,2,0,8
2026-01-15,VLC01,FSH-EXT-JAR-1029,16,0,0,16
2026-01-15,VLC01,FSH-DEC-TEX-1020,14,2,0,12
2026-01-15,VLC01,FSH-DEC-PAR-1024,14,2,0,12
2026-01-15,VLC01,FSH-DEC-ILU-1016,12,2,0,10
2026-01-15,VLC01,FSH-MUE-DOR-1014,8,2,0,6
2026-01-15,VLC01,FSH-DEC-ILU-1018,18,0,1,17
2026-01-15,VLC01,FSH-DEC-ILU-1019,17,3,0,14
2026-01-15,VLC01,FSH-MUE-SOF-1001,9,2,0,7
2026-01-15,VLC01,FSH-MUE-SOF-1002,15,2,0,13
2026-01-15,VLC01,FSH-EXT-JAR-1031,11,2,2,7
2026-01-15,VLC01,FSH-MUE-MES-1006,9,1,0,8
2026-01-15,VLC01,FSH-MUE-SOF-1003,16,4,0,12
2026-01-15,VLC01,FSH-EXT-JAR-1028,17,4,0,13
2026-01-15,VLC01,FSH-DEC-PAR-1025,10,3,0,7
2026-01-15,VLC01,FSH-MUE-SIL-1009,10,1,0,9
2026-01-16,MAD01,FSH-DEC-PAR-1024,11,3,1,7
2026-01-16,MAD01,FSH-MUE-MES-1007,12,1,0,11
2026-01-16,MAD01,FSH-MUE-DOR-1012,15,2,1,12
2026-01-16,MAD01,FSH-MUE-MES-1006,12,2,0,10
2026-01-16,MAD01,FSH-MUE-DOR-1015,7,1,0,6
2026-01-16,MAD01,FSH-DEC-TEX-1020,12,2,1,9
2026-01-16,MAD01,FSH-MUE-SIL-1011,10,0,1,9
2026-01-16,MAD01,FSH-DEC-ILU-1017,11,1,0,10
2026-01-16,MAD01,FSH-MUE-SIL-1008,9,0,0,9
2026-01-16,MAD01,FSH-MUE-SOF-1003,15,4,1,10
2026-01-16,MAD01,FSH-DEC-TEX-1022,18,1,1,16
2026-01-16,MAD01,FSH-EXT-JAR-1028,7,1,0,6
2026-01-16,MAD01,FSH-DEC-ILU-1019,11,2,0,9
2026-01-16,MAD01,FSH-MUE-DOR-1013,10,1,2,7
2026-01-16,MAD01,FSH-DEC-TEX-1021,7,0,0,7
2026-01-16,BCN01,FSH-DEC-PAR-1024,15,0,1,14
2026-01-16,BCN01,FSH-MUE-MES-1007,15,4,1,10
2026-01-16,BCN01,FSH-MUE-DOR-1012,14,3,1,10
2026-01-16,BCN01,FSH-MUE-MES-1006,15,1,1,13
2026-01-16,BCN01,FSH-MUE-DOR-1015,8,0,1,7
2026-01-16,BCN01,FSH-DEC-TEX-1020,8,5,0,3
2026-01-16,BCN01,FSH-MUE-SIL-1011,16,4,1,11
2026-01-16,BCN01,FSH-DEC-ILU-1017,9,3,0,6
2026-01-16,BCN01,FSH-MUE-SIL-1008,13,3,2,8
2026-01-16,BCN01,FSH-MUE-SOF-1003,9,0,0,9
2026-01-16,BCN01,FSH-DEC-TEX-1022,12,1,0,11
2026-01-16,BCN01,FSH-EXT-JAR-1028,12,0,1,11
2026-01-16,BCN01,FSH-DEC-ILU-1019,14,0,1,13
2026-01-16,BCN01,FSH-MUE-DOR-1013,20,2,0,18
2026-01-16,BCN01,FSH-DEC-TEX-1021,13,1,1,11
2026-01-16,VLC01,FSH-DEC-PAR-1024,13,2,0,11
2026-01-16,VLC01,FSH-MUE-MES-1007,17,3,2,12
2026-01-16,VLC01,FSH-MUE-DOR-1012,9,1,1,7
2026-01-16,VLC01,FSH-MUE-MES-1006,19,1,1,17
2026-01-16,VLC01,FSH-MUE-DOR-1015,11,0,0,11
2026-01-16,VLC01,FSH-DEC-TEX-1020,15,1,0,14
2026-01-16,VLC01,FSH-MUE-SIL-1011,16,1,0,15
2026-01-16,VLC01,FSH-DEC-ILU-1017,13,2,0,11
2026-01-16,VLC01,FSH-MUE-SIL-1008,15,1,0,14
2026-01-16,VLC01,FSH-MUE-SOF-1003,10,2,0,8
2026-01-16,VLC01,FSH-DEC-TEX-1022,3,1,0,2
2026-01-16,VLC01,FSH-EXT-JAR-1028,11,2,0,9
2026-01-16,VLC01,FSH-DEC-ILU-1019,11,2,1,8
2026-01-16,VLC01,FSH-MUE-DOR-1013,14,3,0,11
2026-01-16,VLC01,FSH-DEC-TEX-1021,12,1,2,9
2026-01-17,MAD01,FSH-MUE-SOF-1000,13,2,1,10
2026-01-17,MAD01,FSH-DEC-ILU-1018,15,4,0,11
2026-01-17,MAD01,FSH-DEC-TEX-1023,11,3,1,7
2026-01-17,MAD01,FSH-MUE-SIL-1011,16,4,0,12
2026-01-17,MAD01,FSH-MUE-MES-1005,8,1,0,7
2026-01-17,MAD01,FSH-DEC-PAR-1024,10,1,0,9
2026-01-17,MAD01,FSH-EXT-JAR-1029,11,2,1,8
2026-01-17,MAD01,FSH-DEC-ILU-1019,15,3,0,12
2026-01-17,MAD01,FSH-DEC-PAR-1026,7,2,0,5
2026-01-17,MAD01,FSH-EXT-JAR-1028,5,2,0,3
2026-01-17,MAD01,FSH-MUE-SOF-1003,9,1,0,8
2026-01-17,MAD01,FSH-MUE-SOF-1002,9,1,1,7
2026-01-17,MAD01,FSH-MUE-SIL-1010,10,0,1,9
2026-01-17,MAD01,FSH-MUE-SIL-1008,9,2,0,7
2026-01-17,MAD01,FSH-MUE-SIL-1009,15,2,1,12
2026-01-17,BCN01,FSH-MUE-SOF-1000,10,2,0,8
2026-01-17,BCN01,FSH-DEC-ILU-1018,10,2,1,7
2026-01-17,BCN01,FSH-DEC-TEX-1023,12,3,0,9
2026-01-17,BCN01,FSH-MUE-SIL-1011,9,2,1,6
2026-01-17,BCN01,FSH-MUE-MES-1005,11,1,0,10
2026-01-17,BCN01,FSH-DEC-PAR-1024,10,0,1,9
2026-01-17,BCN01,FSH-EXT-JAR-1029,11,0,0,11
2026-01-17,BCN01,FSH-DEC-ILU-1019,15,1,2,12
2026-01-17,BCN01,FSH-DEC-PAR-1026,10,2,2,6
2026-01-17,BCN01,FSH-EXT-JAR-1028,19,1,1,17
2026-01-17,BCN01,FSH-MUE-SOF-1003,16,7,1,8
2026-01-17,BCN01,FSH-MUE-SOF-1002,11,2,0,9
2026-01-17,BCN01,FSH-MUE-SIL-1010,6,1,1,4
2026-01-17,BCN01,FSH-MUE-SIL-1008,10,0,0,10
2026-01-17,BCN01,FSH-MUE-SIL-1009,10,3,2,5
2026-01-17,VLC01,FSH-MUE-SOF-1000,10,3,0,7
2026-01-17,VLC01,FSH-DEC-ILU-1018,8,1,1,6
2026-01-17,VLC01,FSH-DEC-TEX-1023,5,1,0,4
2026-01-17,VLC01,FSH-MUE-SIL-1011,10,3,1,6
2026-01-17,VLC01,FSH-MUE-MES-1005,12,1,0,11
2026-01-17,VLC01,FSH-DEC-PAR-1024,10,1,2,7
2026-01-17,VLC01,FSH-EXT-JAR-1029,10,1,0,9
2026-01-17,VLC01,FSH-DEC-ILU-1019,7,1,0,6
2026-01-17,VLC01,FSH-DEC-PAR-1026,15,2,0,13
2026-01-17,VLC01,FSH-EXT-JAR-1028,10,0,0,10
2026-01-17,VLC01,FSH-MUE-SOF-1003,15,1,0,14
2026-01-17,VLC01,FSH-MUE-SOF-1002,18,3,1,14
2026-01-17,VLC01,FSH-MUE-SIL-1010,21,5,0,16
2026-01-17,VLC01,FSH-MUE-SIL-1008,9,1,1,7
2026-01-17,VLC01,FSH-MUE-SIL-1009,6,2,1,3
2026-01-18,MAD01,FSH-MUE-SIL-1009,8,1,0,7
2026-01-18,MAD01,FSH-DEC-TEX-1022,8,0,1,7
2026-01-18,MAD01,FSH-MUE-SOF-1000,8,1,0,7
2026-01-18,MAD01,FSH-DEC-TEX-1021,6,2,1,3
2026-01-18,MAD01,FSH-MUE-DOR-1012,15,2,1,12
2026-01-18,MAD01,FSH-DEC-TEX-1023,13,4,2,7
2026-01-18,MAD01,FSH-DEC-PAR-1026,6,0,0,6
2026-01-18,MAD01,FSH-MUE-MES-1006,8,3,0,5
2026-01-18,MAD01,FSH-DEC-TEX-1020,6,0,1,5
2026-01-18,MAD01,FSH-MUE-SOF-1003,11,1,1,9
2026-01-18,MAD01,FSH-MUE-SOF-1001,9,0,0,9
2026-01-18,MAD01,FSH-DEC-ILU-1016,18,2,0,16
2026-01-18,MAD01,FSH-MUE-DOR-1013,12,3,2,7
2026-01-18,MAD01,FSH-MUE-MES-1004,11,3,1,7
2026-01-18,MAD01,FSH-MUE-MES-1007,11,1,0,10
2026-01-18,BCN01,FSH-MUE-SIL-1009,13,0,0,13
2026-01-18,BCN01,FSH-DEC-TEX-1022,12,5,0,7
2026-01-18,BCN01,FSH-MUE-SOF-1000,9,0,0,9
2026-01-18,BCN01,FSH-DEC-TEX-1021,18,2,2,14
2026-01-18,BCN01,FSH-MUE-DOR-1012,4,1,0,3
2026-01-18,BCN01,FSH-DEC-TEX-1023,14,2,0,12
2026-01-18,BCN01,FSH-DEC-PAR-1026,6,0,1,5
2026-01-18,BCN01,FSH-MUE-MES-1006,12,3,0,9
2026-01-18,BCN01,FSH-DEC-TEX-1020,10,3,0,7
2026-01-18,BCN01,FSH-MUE-SOF-1003,15,1,2,12
2026-01-18,BCN01,FSH-MUE-SOF-1001,12,0,1,11
2026-01-18,BCN01,FSH-DEC-ILU-1016,10,2,1,7
2026-01-18,BCN01,FSH-MUE-DOR-1013,20,2,3,15
2026-01-18,BCN01,FSH-MUE-MES-1004,13,1,1,11
2026-01-18,BCN01,FSH-MUE-MES-1007,10,1,0,9
2026-01-18,VLC01,FSH-MUE-SIL-1009,13,2,0,11
2026-01-18,VLC01,FSH-DEC-TEX-1022,11,3,1,7
2026-01-18,VLC01,FSH-MUE-SOF-1000,10,1,0,9
2026-01-18,VLC01,FSH-DEC-TEX-1021,9,0,1,8
2026-01-18,VLC01,FSH-MUE-DOR-1012,13,4,0,9
2026-01-18,VLC01,FSH-DEC-TEX-1023,13,1,1,11
2026-01-18,VLC01,FSH-DEC-PAR-1026,15,2,1,12
2026-01-18,VLC01,FSH-MUE-MES-1006,9,2,0,7
2026-01-18,VLC01,FSH-DEC-TEX-1020,8,2,0,6
2026-01-18,VLC01,FSH-MUE-SOF-1003,6,1,0,5
2026-01-18,VLC01,FSH-MUE-SOF-1001,15,2,0,13
2026-01-18,VLC01,FSH-DEC-ILU-1016,8,1,0,7
2026-01-18,VLC01,FSH-MUE-DOR-1013,13,3,0,10
2026-01-18,VLC01,FSH-MUE-MES-1004,11,2,1,8
2026-01-18,VLC01,FSH-MUE-MES-1007,11,0,2,9
2026-01-19,MAD01,FSH-MUE-DOR-1013,11,0,0,11
2026-01-19,MAD01,FSH-MUE-SOF-1003,12,2,2,8
2026-01-19,MAD01,FSH-EXT-JAR-1031,12,0,1,11
2026-01-19,MAD01,FSH-MUE-MES-1006,12,3,0,9
2026-01-19,MAD01,FSH-DEC-PAR-1026,13,2,0,11
2026-01-19,MAD01,FSH-DEC-PAR-1027,8,1,0,7
2026-01-19,MAD01,FSH-MUE-SIL-1011,6,0,0,6
2026-01-19,MAD01,FSH-DEC-PAR-1025,13,3,0,10
2026-01-19,MAD01,FSH-MUE-MES-1004,15,2,1,12
2026-01-19,MAD01,FSH-DEC-ILU-1018,13,0,0,13
2026-01-19,MAD01,FSH-MUE-SIL-1009,18,1,0,17
2026-01-19,MAD01,FSH-DEC-ILU-1017,13,0,0,13
2026-01-19,MAD01,FSH-EXT-JAR-1030,17,1,3,13
2026-01-19,MAD01,FSH-MUE-SOF-1000,13,0,0,13
2026-01-19,MAD01,FSH-DEC-ILU-1016,11,3,0,8
2026-01-19,BCN01,FSH-MUE-DOR-1013,8,3,1,4
2026-01-19,BCN01,FSH-MUE-SOF-1003,7,2,0,5
2026-01-19,BCN01,FSH-EXT-JAR-1031,12,1,0,11
2026-01-19,BCN01,FSH-MUE-MES-1006,19,3,1,15
2026-01-19,BCN01,FSH-DEC-PAR-1026,8,2,1,5
2026-01-19,BCN01,FSH-DEC-PAR-1027,13,1,2,10
2026-01-19,BCN01,FSH-MUE-SIL-1011,14,1,0,13
2026-01-19,BCN01,FSH-DEC-PAR-1025,13,0,2,11
2026-01-19,BCN01,FSH-MUE-MES-1004,17,4,1,12
2026-01-19,BCN01,FSH-DEC-ILU-1018,12,2,1,9
2026-01-19,BCN01,FSH-MUE-SIL-1009,11,2,1,8
2026-01-19,BCN01,FSH-DEC-ILU-1017,11,1,0,10
2026-01-19,BCN01,FSH-EXT-JAR-1030,17,3,0,14
2026-01-19,BCN01,FSH-MUE-SOF-1000,15,2,0,13
2026-01-19,BCN01,FSH-DEC-ILU-1016,11,2,0,9
2026-01-19,VLC01,FSH-MUE-DOR-1013,18,2,1,15
2026-01-19,VLC01,FSH-MUE-SOF-1003,13,2,0,11
2026-01-19,VLC01,FSH-EXT-JAR-1031,12,3,2,7
2026-01-19,VLC01,FSH-MUE-MES-1006,19,1,1,17
2026-01-19,VLC01,FSH-DEC-PAR-1026,8,1,0,7
2026-01-19,VLC01,FSH-DEC-PAR-1027,15,1,0,14
2026-01-19,VLC01,FSH-MUE-SIL-1011,12,2,0,10
2026-01-19,VLC01,FSH-DEC-PAR-1025,9,1,1,7
2026-01-19,VLC01,FSH-MUE-MES-1004,11,1,0,10
2026-01-19,VLC01,FSH-DEC-ILU-1018,12,2,1,9
2026-01-19,VLC01,FSH-MUE-SIL-1009,11,3,0,8
2026-01-19,VLC01,FSH-DEC-ILU-1017,12,0,1,11
2026-01-19,VLC01,FSH-EXT-JAR-1030,16,4,1,11
2026-01-19,VLC01,FSH-MUE-SOF-1000,18,5,0,13
2026-01-19,VLC01,FSH-DEC-ILU-1016,12,0,1,11
2026-01-20,MAD01,FSH-EXT-JAR-1029,11,1,1,9
2026-01-20,MAD01,FSH-DEC-ILU-1019,6,1,0,5
2026-01-20,MAD01,FSH-MUE-MES-1004,10,4,0,6
2026-01-20,MAD01,FSH-MUE-SOF-1001,17,1,1,15
2026-01-20,MAD01,FSH-DEC-PAR-1024,13,0,0,13
2026-01-20,MAD01,FSH-EXT-JAR-1031,13,2,0,11
2026-01-20,MAD01,FSH-MUE-SIL-1010,10,3,1,6
2026-01-20,MAD01,FSH-MUE-DOR-1013,6,1,0,5
2026-01-20,MAD01,FSH-DEC-ILU-1018,12,2,0,10
2026-01-20,MAD01,FSH-DEC-TEX-1021,11,3,0,8
2026-01-20,MAD01,FSH-MUE-DOR-1012,10,0,2,8
2026-01-20,MAD01,FSH-DEC-TEX-1023,12,1,0,11
2026-01-20,MAD01,FSH-MUE-MES-1005,14,4,0,10
2026-01-20,MAD01,FSH-DEC-PAR-1027,12,2,0,10
2026-01-20,MAD01,FSH-DEC-PAR-1025,8,2,0,6
2026-01-20,BCN01,FSH-EXT-JAR-1029,13,3,2,8
2026-01-20,BCN01,FSH-DEC-ILU-1019,12,1,0,11
2026-01-20,BCN01,FSH-MUE-MES-1004,9,1,2,6
2026-01-20,BCN01,FSH-MUE-SOF-1001,11,1,0,10
2026-01-20,BCN01,FSH-DEC-PAR-1024,9,1,1,7
2026-01-20,BCN01,FSH-EXT-JAR-1031,19,0,1,18
2026-01-20,BCN01,FSH-MUE-SIL-1010,12,3,2,7
2026-01-20,BCN01,FSH-MUE-DOR-1013,19,5,1,13
2026-01-20,BCN01,FSH-DEC-ILU-1018,11,3,0,8
2026-01-20,BCN01,FSH-DEC-TEX-1021,11,2,0,9
2026-01-20,BCN01,FSH-MUE-DOR-1012,17,3,0,14
2026-01-20,BCN01,FSH-DEC-TEX-1023,13,0,1,12
2026-01-20,BCN01,FSH-MUE-MES-1005,11,0,0,11
2026-01-20,BCN01,FSH-DEC-PAR-1027,13,1,0,12
2026-01-20,BCN01,FSH-DEC-PAR-1025,11,0,1,10
2026-01-20,VLC01,FSH-EXT-JAR-1029,12,0,0,12
2026-01-20,VLC01,FSH-DEC-ILU-1019,17,1,0,16
2026-01-20,VLC01,FSH-MUE-MES-1004,14,2,0,12
2026-01-20,VLC01,FSH-MUE-SOF-1001,9,4,0,5
2026-01-20,VLC01,FSH-DEC-PAR-1024,13,2,0,11
2026-01-20,VLC01,FSH-EXT-JAR-1031,16,2,0,14
2026-01-20,VLC01,FSH-MUE-SIL-1010,8,2,0,6
2026-01-20,VLC01,FSH-MUE-DOR-1013,14,2,0,12
2026-01-20,VLC01,FSH-DEC-ILU-1018,11,1,1,9
2026-01-20,VLC01,FSH-DEC-TEX-1021,14,2,0,12
2026-01-20,VLC01,FSH-MUE-DOR-1012,9,3,0,6
2026-01-20,VLC01,FSH-DEC-TEX-1023,9,0,1,8
2026-01-20,VLC01,FSH-MUE-MES-1005,6,1,0,5
2026-01-20,VLC01,FSH-DEC-PAR-1027,14,1,1,12
2026-01-20,VLC01,FSH-DEC-PAR-1025,7,1,0,6
2026-01-21,MAD01,FSH-DEC-TEX-1022,13,7,0,6
2026-01-21,MAD01,FSH-MUE-SOF-1000,11,1,0,10
2026-01-21,MAD01,FSH-DEC-PAR-1025,11,1,0,10
2026-01-21,MAD01,FSH-DEC-TEX-1021,11,2,0,9
2026-01-21,MAD01,FSH-DEC-TEX-1023,10,0,1,9
2026-01-21,MAD01,FSH-MUE-DOR-1013,12,2,1,9
2026-01-21,MAD01,FSH-MUE-MES-1005,11,0,0,11
2026-01-21,MAD01,FSH-MUE-SOF-1001,12,2,0,10
2026-01-21,MAD01,FSH-DEC-TEX-1020,15,2,0,13
2026-01-21,MAD01,FSH-MUE-MES-1007,13,0,0,13
2026-01-21,MAD01,FSH-DEC-ILU-1018,16,3,1,12
2026-01-21,MAD01,FSH-MUE-SIL-1011,16,1,1,14
2026-01-21,MAD01,FSH-EXT-JAR-1030,19,2,1,16
2026-01-21,MAD01,FSH-MUE-MES-1006,18,7,0,11
2026-01-21,MAD01,FSH-EXT-JAR-1028,7,2,0,5
2026-01-21,BCN01,FSH-DEC-TEX-1022,9,0,0,9
2026-01-21,BCN01,FSH-MUE-SOF-1000,12,2,0,10
2026-01-21,BCN01,FSH-DEC-PAR-1025,13,2,1,10
2026-01-21,BCN01,FSH-DEC-TEX-1021,9,0,0,9
2026-01-21,BCN01,FSH-DEC-TEX-1023,12,2,1,9
2026-01-21,BCN01,FSH-MUE-DOR-1013,10,1,0,9
2026-01-21,BCN01,FSH-MUE-MES-1005,9,2,1,6
2026-01-21,BCN01,FSH-MUE-SOF-1001,11,1,1,9
2026-01-21,BCN01,FSH-DEC-TEX-1020,11,2,0,9
2026-01-21,BCN01,FSH-MUE-MES-1007,14,3,0,11
2026-01-21,BCN01,FSH-DEC-ILU-1018,12,3,0,9
2026-01-21,BCN01,FSH-MUE-SIL-1011,8,2,1,5
2026-01-21,BCN01,FSH-EXT-JAR-1030,14,2,0,12
2026-01-21,BCN01,FSH-MUE-MES-1006,7,1,0,6
2026-01-21,BCN01,FSH-EXT-JAR-1028,14,0,0,14
2026-01-21,VLC01,FSH-DEC-TEX-1022,17,6,0,11
2026-01-21,VLC01,FSH-MUE-SOF-1000,10,0,0,10
2026-01-21,VLC01,FSH-DEC-PAR-1025,17,3,0,14
2026-01-21,VLC01,FSH-DEC-TEX-1021,13,1,0,12
2026-01-21,VLC01,FSH-DEC-TEX-1023,11,1,0,10
2026-01-21,VLC01,FSH-MUE-DOR-1013,11,2,0,9
2026-01-21,VLC01,FSH-MUE-MES-1005,14,3,1,10
2026-01-21,VLC01,FSH-MUE-SOF-1001,11,2,0,9
2026-01-21,VLC01,FSH-DEC-TEX-1020,13,5,1,7
2026-01-21,VLC01,FSH-MUE-MES-1007,4,1,0,3
2026-01-21,VLC01,FSH-DEC-ILU-1018,10,1,0,9
2026-01-21,VLC01,FSH-MUE-SIL-1011,14,1,0,13
2026-01-21,VLC01,FSH-EXT-JAR-1030,13,1,0,12
2026-01-21,VLC01,FSH-MUE-MES-1006,14,2,0,12
2026-01-21,VLC01,FSH-EXT-JAR-1028,13,2,0,11
2026-01-22,MAD01,FSH-EXT-JAR-1028,9,2,1,6
2026-01-22,MAD01,FSH-EXT-JAR-1029,10,2,1,7
2026-01-22,MAD01,FSH-DEC-TEX-1023,12,2,1,9
2026-01-22,MAD01,FSH-MUE-SIL-1010,21,1,3,17
2026-01-22,MAD01,FSH-MUE-SOF-1003,12,2,0,10
2026-01-22,MAD01,FSH-DEC-ILU-1017,10,3,0,7
2026-01-22,MAD01,FSH-DEC-PAR-1026,17,3,2,12
2026-01-22,MAD01,FSH-MUE-SOF-1001,14,3,0,11
2026-01-22,MAD01,FSH-MUE-DOR-1015,15,2,0,13
2026-01-22,MAD01,FSH-DEC-ILU-1016,15,4,0,11
2026-01-22,MAD01,FSH-EXT-JAR-1031,11,1,0,10
2026-01-22,MAD01,FSH-DEC-PAR-1024,20,5,0,15
2026-01-22,MAD01,FSH-MUE-MES-1005,18,4,2,12
2026-01-22,MAD01,FSH-DEC-ILU-1019,7,1,1,5
2026-01-22,MAD01,FSH-DEC-PAR-1025,12,0,0,12
2026-01-22,BCN01,FSH-EXT-JAR-1028,16,3,2,11
2026-01-22,BCN01,FSH-EXT-JAR-1029,9,0,0,9
2026-01-22,BCN01,FSH-DEC-TEX-1023,8,1,0,7
2026-01-22,BCN01,FSH-MUE-SIL-1010,13,3,0,10
2026-01-22,BCN01,FSH-MUE-SOF-1003,14,3,0,11
2026-01-22,BCN01,FSH-DEC-ILU-1017,11,2,0,9
2026-01-22,BCN01,FSH-DEC-PAR-1026,8,0,0,8
2026-01-22,BCN01,FSH-MUE-SOF-1001,14,2,0,12
2026-01-22,BCN01,FSH-MUE-DOR-1015,11,2,0,9
2026-01-22,BCN01,FSH-DEC-ILU-1016,14,1,0,13
2026-01-22,BCN01,FSH-EXT-JAR-1031,12,0,1,11
2026-01-22,BCN01,FSH-DEC-PAR-1024,12,4,0,8
2026-01-22,BCN01,FSH-MUE-MES-1005,13,1,0,12
2026-01-22,BCN01,FSH-DEC-ILU-1019,14,0,2,12
2026-01-22,BCN01,FSH-DEC-PAR-1025,8,0,0,8
2026-01-22,VLC01,FSH-EXT-JAR-1028,10,0,1,9
2026-01-22,VLC01,FSH-EXT-JAR-1029,16,0,0,16
2026-01-22,VLC01,FSH-DEC-TEX-1023,5,0,0,5
2026-01-22,VLC01,FSH-MUE-SIL-1010,12,4,1,7
2026-01-22,VLC01,FSH-MUE-SOF-1003,13,1,0,12
2026-01-22,VLC01,FSH-DEC-ILU-1017,14,4,2,8
2026-01-22,VLC01,FSH-DEC-PAR-1026,10,0,0,10
2026-01-22,VLC01,FSH-MUE-SOF-1001,11,3,0,8
2026-01-22,VLC01,FSH-MUE-DOR-1015,11,2,0,9
2026-01-22,VLC01,FSH-DEC-ILU-1016,17,2,0,15
2026-01-22,VLC01,FSH-EXT-JAR-1031,12,2,1,9
2026-01-22,VLC01,FSH-DEC-PAR-1024,12,0,0,12
2026-01-22,VLC01,FSH-MUE-MES-1005,14,1,0,13
2026-01-22,VLC01,FSH-DEC-ILU-1019,11,1,0,10
2026-01-22,VLC01,FSH-DEC-PAR-1025,8,0,0,8
2026-01-23,MAD01,FSH-DEC-ILU-1018,13,5,0,8
2026-01-23,MAD01,FSH-DEC-TEX-1021,10,0,1,9
2026-01-23,MAD01,FSH-MUE-SIL-1010,17,3,1,13
2026-01-23,MAD01,FSH-DEC-ILU-1016,11,0,0,11
2026-01-23,MAD01,FSH-DEC-TEX-1023,11,3,0,8
2026-01-23,MAD01,FSH-MUE-MES-1004,16,2,0,14
2026-01-23,MAD01,FSH-DEC-PAR-1026,11,2,1,8
2026-01-23,MAD01,FSH-MUE-SOF-1001,11,3,1,7
2026-01-23,MAD01,FSH-MUE-SOF-1003,12,3,0,9
2026-01-23,MAD01,FSH-EXT-JAR-1028,9,2,0,7
2026-01-23,MAD01,FSH-DEC-TEX-1020,15,2,2,11
2026-01-23,MAD01,FSH-MUE-DOR-1014,11,0,0,11
2026-01-23,MAD01,FSH-DEC-PAR-1027,9,0,0,9
2026-01-23,MAD01,FSH-MUE-SOF-1000,11,2,0,9
2026-01-23,MAD01,FSH-MUE-DOR-1015,16,1,1,14
2026-01-23,BCN01,FSH-DEC-ILU-1018,15,2,0,13
2026-01-23,BCN01,FSH-DEC-TEX-1021,7,1,0,6
2026-01-23,BCN01,FSH-MUE-SIL-1010,12,2,1,9
2026-01-23,BCN01,FSH-DEC-ILU-1016,8,0,0,8
2026-01-23,BCN01,FSH-DEC-TEX-1023,12,3,0,9
2026-01-23,BCN01,FSH-MUE-MES-1004,10,1,0,9
2026-01-23,BCN01,FSH-DEC-PAR-1026,13,4,0,9
2026-01-23,BCN01,FSH-MUE-SOF-1001,14,1,1,12
2026-01-23,BCN01,FSH-MUE-SOF-1003,9,2,1,6
2026-01-23,BCN01,FSH-EXT-JAR-1028,11,3,0,8
2026-01-23,BCN01,FSH-DEC-TEX-1020,9,1,0,8
2026-01-23,BCN01,FSH-MUE-DOR-1014,9,1,1,7
2026-01-23,BCN01,FSH-DEC-PAR-1027,7,1,0,6
2026-01-23,BCN01,FSH-MUE-SOF-1000,18,2,1,15
2026-01-23,BCN01,FSH-MUE-DOR-1015,9,0,1,8
2026-01-23,VLC01,FSH-DEC-ILU-1018,11,1,1,9
2026-01-23,VLC01,FSH-DEC-TEX-1021,15,3,0,12
2026-01-23,VLC01,FSH-MUE-SIL-1010,17,4,1,12
2026-01-23,VLC01,FSH-DEC-ILU-1016,11,1,1,9
2026-01-23,VLC01,FSH-DEC-TEX-1023,9,2,0,7
2026-01-23,VLC01,FSH-MUE-MES-1004,13,0,1,12
2026-01-23,VLC01,FSH-DEC-PAR-1026,7,2,0,5
2026-01-23,VLC01,FSH-MUE-SOF-1001,9,2,0,7
2026-01-23,VLC01,FSH-MUE-SOF-1003,7,0,1,6
2026-01-23,VLC01,FSH-EXT-JAR-1028,7,0,2,5
2026-01-23,VLC01,FSH-DEC-TEX-1020,14,2,0,12
2026-01-23,VLC01,FSH-MUE-DOR-1014,9,1,0,8
2026-01-23,VLC01,FSH-DEC-PAR-1027,10,2,0,8
2026-01-23,VLC01,FSH-MUE-SOF-1000,11,2,1,8
2026-01-23,VLC01,FSH-MUE-DOR-1015,9,1,0,8
2026-01-24,MAD01,FSH-MUE-SIL-1010,12,0,0,12
2026-01-24,MAD01,FSH-DEC-ILU-1019,7,1,1,5
2026-01-24,MAD01,FSH-MUE-DOR-1013,14,4,1,9
2026-01-24,MAD01,FSH-MUE-SIL-1008,11,4,0,7
2026-01-24,MAD01,FSH-MUE-MES-1005,17,1,1,15
2026-01-24,MAD01,FSH-DEC-PAR-1025,13,5,0,8
2026-01-24,MAD01,FSH-DEC-TEX-1022,13,2,1,10
2026-01-24,MAD01,FSH-MUE-MES-1006,15,1,3,11
2026-01-24,MAD01,FSH-EXT-JAR-1029,14,1,1,12
2026-01-24,MAD01,FSH-DEC-PAR-1026,9,1,0,8
2026-01-24,MAD01,FSH-MUE-DOR-1014,13,2,0,11
2026-01-24,MAD01,FSH-MUE-DOR-1012,9,2,2,5
2026-01-24,MAD01,FSH-DEC-ILU-1016,11,0,0,11
2026-01-24,MAD01,FSH-EXT-JAR-1031,21,2,0,19
2026-01-24,MAD01,FSH-MUE-SIL-1009,14,2,2,10
2026-01-24,BCN01,FSH-MUE-SIL-1010,18,2,1,15
2026-01-24,BCN01,FSH-DEC-ILU-1019,16,5,1,10
2026-01-24,BCN01,FSH-MUE-DOR-1013,8,1,0,7
2026-01-24,BCN01,FSH-MUE-SIL-1008,7,1,0,6
2026-01-24,BCN01,FSH-MUE-MES-1005,10,2,0,8
2026-01-24,BCN01,FSH-DEC-PAR-1025,15,1,1,13
2026-01-24,BCN01,FSH-DEC-TEX-1022,10,2,0,8
2026-01-24,BCN01,FSH-MUE-MES-1006,6,0,0,6
2026-01-24,BCN01,FSH-EXT-JAR-1029,8,3,0,5
2026-01-24,BCN01,FSH-DEC-PAR-1026,10,1,0,9
2026-01-24,BCN01,FSH-MUE-DOR-1014,9,1,1,7
2026-01-24,BCN01,FSH-MUE-DOR-1012,10,0,0,10
2026-01-24,BCN01,FSH-DEC-ILU-1016,11,1,1,9
2026-01-24,BCN01,FSH-EXT-JAR-1031,9,0,0,9
2026-01-24,BCN01,FSH-MUE-SIL-1009,8,2,0,6
2026-01-24,VLC01,FSH-MUE-SIL-1010,13,2,0,11
2026-01-24,VLC01,FSH-DEC-ILU-1019,10,2,1,7
2026-01-24,VLC01,FSH-MUE-DOR-1013,8,3,0,5
2026-01-24,VLC01,FSH-MUE-SIL-1008,12,0,1,11
2026-01-24,VLC01,FSH-MUE-MES-1005,12,2,1,9
2026-01-24,VLC01,FSH-DEC-PAR-1025,13,2,1,10
2026-01-24,VLC01,FSH-DEC-TEX-1022,15,1,1,13
2026-01-24,VLC01,FSH-MUE-MES-1006,14,2,0,12
2026-01-24,VLC01,FSH-EXT-JAR-1029,14,2,2,10
2026-01-24,VLC01,FSH-DEC-PAR-1026,25,4,1,20
2026-01-24,VLC01,FSH-MUE-DOR-1014,16,6,1,9
2026-01-24,VLC01,FSH-MUE-DOR-1012,15,1,1,13
2026-01-24,VLC01,FSH-DEC-ILU-1016,10,2,0,8
2026-01-24,VLC01,FSH-EXT-JAR-1031,7,1,0,6
2026-01-24,VLC01,FSH-MUE-SIL-1009,15,2,0,13
2026-01-25,MAD01,FSH-MUE-DOR-1014,10,3,0,7
2026-01-25,MAD01,FSH-MUE-SIL-1011,14,1,1,12
2026-01-25,MAD01,FSH-EXT-JAR-1029,16,3,0,13
2026-01-25,MAD01,FSH-DEC-PAR-1025,9,0,0,9
2026-01-25,MAD01,FSH-DEC-PAR-1024,8,1,0,7
2026-01-25,MAD01,FSH-MUE-SOF-1002,12,1,0,11
2026-01-25,MAD01,FSH-DEC-TEX-1021,13,1,1,11
2026-01-25,MAD01,FSH-EXT-JAR-1028,12,2,0,10
2026-01-25,MAD01,FSH-MUE-SIL-1010,11,3,0,8
2026-01-25,MAD01,FSH-MUE-SIL-1009,12,2,1,9
2026-01-25,MAD01,FSH-MUE-SOF-1000,11,1,2,8
2026-01-25,MAD01,FSH-MUE-MES-1006,12,3,1,8
2026-01-25,MAD01,FSH-DEC-ILU-1019,13,2,2,9
2026-01-25,MAD01,FSH-DEC-ILU-1016,12,1,0,11
2026-01-25,MAD01,FSH-MUE-DOR-1013,12,1,1,10
2026-01-25,BCN01,FSH-MUE-DOR-1014,7,1,0,6
2026-01-25,BCN01,FSH-MUE-SIL-1011,15,3,1,11
2026-01-25,BCN01,FSH-EXT-JAR-1029,7,1,0,6
2026-01-25,BCN01,FSH-DEC-PAR-1025,15,2,0,13
2026-01-25,BCN01,FSH-DEC-PAR-1024,9,1,0,8
2026-01-25,BCN01,FSH-MUE-SOF-1002,8,2,0,6
2026-01-25,BCN01,FSH-DEC-TEX-1021,10,0,1,9
2026-01-25,BCN01,FSH-EXT-JAR-1028,14,3,1,10
2026-01-25,BCN01,FSH-MUE-SIL-1010,11,4,0,7
2026-01-25,BCN01,FSH-MUE-SIL-1009,18,3,0,15
2026-01-25,BCN01,FSH-MUE-SOF-1000,9,1,0,8
2026-01-25,BCN01,FSH-MUE-MES-1006,11,4,0,7
2026-01-25,BCN01,FSH-DEC-ILU-1019,11,0,1,10
2026-01-25,BCN01,FSH-DEC-ILU-1016,13,1,1,11
2026-01-25,BCN01,FSH-MUE-DOR-1013,9,0,0,9
2026-01-25,VLC01,FSH-MUE-DOR-1014,10,4,0,6
2026-01-25,VLC01,FSH-MUE-SIL-1011,7,1,0,6
2026-01-25,VLC01,FSH-EXT-JAR-1029,9,0,1,8
2026-01-25,VLC01,FSH-DEC-PAR-1025,11,1,1,9
2026-01-25,VLC01,FSH-DEC-PAR-1024,11,2,0,9
2026-01-25,VLC01,FSH-MUE-SOF-1002,16,3,1,12
2026-01-25,VLC01,FSH-DEC-TEX-1021,7,1,1,5
2026-01-25,VLC01,FSH-EXT-JAR-1028,8,1,2,5
2026-01-25,VLC01,FSH-MUE-SIL-1010,17,4,3,10
2026-01-25,VLC01,FSH-MUE-SIL-1009,9,1,0,8
2026-01-25,VLC01,FSH-MUE-SOF-1000,10,0,1,9
2026-01-25,VLC01,FSH-MUE-MES-1006,14,3,1,10
2026-01-25,VLC01,FSH-DEC-ILU-1019,20,2,2,16
2026-01-25,VLC01,FSH-DEC-ILU-1016,18,4,0,14
2026-01-25,VLC01,FSH-MUE-DOR-1013,12,1,1,10
2026-01-26,MAD01,FSH-MUE-SOF-1003,7,3,0,4
2026-01-26,MAD01,FSH-MUE-SIL-1009,13,1,0,12
2026-01-26,MAD01,FSH-DEC-PAR-1027,10,4,0,6
2026-01-26,MAD01,FSH-MUE-DOR-1012,15,2,2,11
2026-01-26,MAD01,FSH-DEC-PAR-1025,10,2,1,7
2026-01-26,MAD01,FSH-DEC-TEX-1020,14,1,2,11
2026-01-26,MAD01,FSH-DEC-TEX-1022,18,4,0,14
2026-01-26,MAD01,FSH-EXT-JAR-1028,11,1,0,10
2026-01-26,MAD01,FSH-DEC-TEX-1023,15,3,2,10
2026-01-26,MAD01,FSH-MUE-MES-1005,15,2,0,13
2026-01-26,MAD01,FSH-EXT-JAR-1031,17,4,1,12
2026-01-26,MAD01,FSH-MUE-SIL-1008,14,2,1,11
2026-01-26,MAD01,FSH-MUE-SIL-1011,11,0,2,9
2026-01-26,MAD01,FSH-DEC-PAR-1026,11,2,0,9
2026-01-26,MAD01,FSH-MUE-MES-1007,13,3,0,10
2026-01-26,BCN01,FSH-MUE-SOF-1003,17,4,0,13
2026-01-26,BCN01,FSH-MUE-SIL-1009,12,3,0,9
2026-01-26,BCN01,FSH-DEC-PAR-1027,9,1,0,8
2026-01-26,BCN01,FSH-MUE-DOR-1012,6,0,0,6
2026-01-26,BCN01,FSH-DEC-PAR-1025,5,1,1,3
2026-01-26,BCN01,FSH-DEC-TEX-1020,9,1,1,7
2026-01-26,BCN01,FSH-DEC-TEX-1022,15,3,1,11
2026-01-26,BCN01,FSH-EXT-JAR-1028,17,3,1,13
2026-01-26,BCN01,FSH-DEC-TEX-1023,10,2,0,8
2026-01-26,BCN01,FSH-MUE-MES-1005,8,1,0,7
2026-01-26,BCN01,FSH-EXT-JAR-1031,9,3,0,6
2026-01-26,BCN01,FSH-MUE-SIL-1008,7,3,1,3
2026-01-26,BCN01,FSH-MUE-SIL-1011,7,0,2,5
2026-01-26,BCN01,FSH-DEC-PAR-1026,8,2,0,6
2026-01-26,BCN01,FSH-MUE-MES-1007,13,3,0,10
2026-01-26,VLC01,FSH-MUE-SOF-1003,14,1,0,13
2026-01-26,VLC01,FSH-MUE-SIL-1009,11,3,1,7
2026-01-26,VLC01,FSH-DEC-PAR-1027,11,2,1,8
2026-01-26,VLC01,FSH-MUE-DOR-1012,11,1,0,10
2026-01-26,VLC01,FSH-DEC-PAR-1025,11,0,1,10
2026-01-26,VLC01,FSH-DEC-TEX-1020,9,1,0,8
2026-01-26,VLC01,FSH-DEC-TEX-1022,13,2,0,11
2026-01-26,VLC01,FSH-EXT-JAR-1028,9,3,0,6
2026-01-26,VLC01,FSH-DEC-TEX-1023,11,2,0,9
2026-01-26,VLC01,FSH-MUE-MES-1005,13,1,0,12
2026-01-26,VLC01,FSH-EXT-JAR-1031,7,0,0,7
2026-01-26,VLC01,FSH-MUE-SIL-1008,10,2,0,8
2026-01-26,VLC01,FSH-MUE-SIL-1011,8,2,0,6
2026-01-26,VLC01,FSH-DEC-PAR-1026,13,2,0,11
2026-01-26,VLC01,FSH-MUE-MES-1007,6,0,0,6
2026-01-27,MAD01,FSH-DEC-TEX-1020,14,0,1,13
2026-01-27,MAD01,FSH-MUE-DOR-1015,13,2,2,9
2026-01-27,MAD01,FSH-MUE-SIL-1011,16,1,0,15
2026-01-27,MAD01,FSH-MUE-MES-1007,12,2,0,10
2026-01-27,MAD01,FSH-DEC-TEX-1022,14,1,1,12
2026-01-27,MAD01,FSH-EXT-JAR-1029,11,3,0,8
2026-01-27,MAD01,FSH-MUE-SIL-1009,12,3,0,9
2026-01-27,MAD01,FSH-DEC-PAR-1027,11,2,0,9
2026-01-27,MAD01,FSH-MUE-DOR-1012,9,1,0,8
2026-01-27,MAD01,FSH-DEC-PAR-1026,15,2,0,13
2026-01-27,MAD01,FSH-MUE-SOF-1000,6,1,0,5
2026-01-27,MAD01,FSH-DEC-ILU-1018,11,0,0,11
2026-01-27,MAD01,FSH-DEC-PAR-1025,12,0,0,12
2026-01-27,MAD01,FSH-MUE-SOF-1003,7,0,0,7
2026-01-27,MAD01,FSH-MUE-MES-1006,16,2,0,14
2026-01-27,BCN01,FSH-DEC-TEX-1020,12,2,0,10
2026-01-27,BCN01,FSH-MUE-DOR-1015,17,4,1,12
2026-01-27,BCN01,FSH-MUE-SIL-1011,7,0,0,7
2026-01-27,BCN01,FSH-MUE-MES-1007,9,1,2,6
2026-01-27,BCN01,FSH-DEC-TEX-1022,9,1,0,8
2026-01-27,BCN01,FSH-EXT-JAR-1029,16,3,1,12
2026-01-27,BCN01,FSH-MUE-SIL-1009,12,2,0,10
2026-01-27,BCN01,FSH-DEC-PAR-1027,5,1,0,4
2026-01-27,BCN01,FSH-MUE-DOR-1012,11,2,0,9
2026-01-27,BCN01,FSH-DEC-PAR-1026,12,1,0,11
2026-01-27,BCN01,FSH-MUE-SOF-1000,16,3,0,13
2026-01-27,BCN01,FSH-DEC-ILU-1018,7,1,1,5
2026-01-27,BCN01,FSH-DEC-PAR-1025,10,2,0,8
2026-01-27,BCN01,FSH-MUE-SOF-1003,10,1,0,9
2026-01-27,BCN01,FSH-MUE-MES-1006,10,1,0,9
2026-01-27,VLC01,FSH-DEC-TEX-1020,9,1,1,7
2026-01-27,VLC01,FSH-MUE-DOR-1015,16,4,0,12
2026-01-27,VLC01,FSH-MUE-SIL-1011,14,0,2,12
2026-01-27,VLC01,FSH-MUE-MES-1007,12,2,0,10
2026-01-27,VLC01,FSH-DEC-TEX-1022,7,0,0,7
2026-01-27,VLC01,FSH-EXT-JAR-1029,13,3,1,9
2026-01-27,VLC01,FSH-MUE-SIL-1009,13,3,0,10
2026-01-27,VLC01,FSH-DEC-PAR-1027,13,1,2,10
2026-01-27,VLC01,FSH-MUE-DOR-1012,7,1,0,6
2026-01-27,VLC01,FSH-DEC-PAR-1026,9,1,0,8
2026-01-27,VLC01,FSH-MUE-SOF-1000,10,2,1,7
2026-01-27,VLC01,FSH-DEC-ILU-1018,14,0,0,14
2026-01-27,VLC01,FSH-DEC-PAR-1025,12,0,0,12
2026-01-27,VLC01,FSH-MUE-SOF-1003,13,4,0,9
2026-01-27,VLC01,FSH-MUE-MES-1006,15,3,1,11
2026-01-28,MAD01,FSH-MUE-SIL-1010,13,5,1,7
2026-01-28,MAD01,FSH-MUE-DOR-1015,9,1,0,8
2026-01-28,MAD01,FSH-MUE-SIL-1009,16,3,1,12
2026-01-28,MAD01,FSH-DEC-ILU-1016,16,3,1,12
2026-01-28,MAD01,FSH-MUE-DOR-1013,8,4,0,4
2026-01-28,MAD01,FSH-DEC-ILU-1018,9,2,0,7
2026-01-28,MAD01,FSH-MUE-DOR-1014,13,4,0,9
2026-01-28,MAD01,FSH-MUE-MES-1004,10,1,1,8
2026-01-28,MAD01,FSH-EXT-JAR-1028,18,4,1,13
2026-01-28,MAD01,FSH-EXT-JAR-1030,18,3,0,15
2026-01-28,MAD01,FSH-MUE-SOF-1002,16,3,0,13
2026-01-28,MAD01,FSH-MUE-MES-1006,10,3,0,7
2026-01-28,MAD01,FSH-EXT-JAR-1031,16,2,0,14
2026-01-28,MAD01,FSH-MUE-MES-1007,14,3,1,10
2026-01-28,MAD01,FSH-DEC-ILU-1017,5,1,0,4
2026-01-28,BCN01,FSH-MUE-SIL-1010,6,1,0,5
2026-01-28,BCN01,FSH-MUE-DOR-1015,14,1,1,12
2026-01-28,BCN01,FSH-MUE-SIL-1009,14,2,0,12
2026-01-28,BCN01,FSH-DEC-ILU-1016,14,4,1,9
2026-01-28,BCN01,FSH-MUE-DOR-1013,13,1,0,12
2026-01-28,BCN01,FSH-DEC-ILU-1018,12,2,0,10
2026-01-28,BCN01,FSH-MUE-DOR-1014,24,6,2,16
2026-01-28,BCN01,FSH-MUE-MES-1004,12,1,1,10
2026-01-28,BCN01,FSH-EXT-JAR-1028,10,2,0,8
2026-01-28,BCN01,FSH-EXT-JAR-1030,13,1,0,12
2026-01-28,BCN01,FSH-MUE-SOF-1002,4,0,0,4
2026-01-28,BCN01,FSH-MUE-MES-1006,16,3,0,13
2026-01-28,BCN01,FSH-EXT-JAR-1031,17,2,1,14
2026-01-28,BCN01,FSH-MUE-MES-1007,11,0,3,8
2026-01-28,BCN01,FSH-DEC-ILU-1017,11,2,0,9
2026-01-28,VLC01,FSH-MUE-SIL-1010,16,3,0,13
2026-01-28,VLC01,FSH-MUE-DOR-1015,9,1,2,6
2026-01-28,VLC01,FSH-MUE-SIL-1009,9,0,0,9
2026-01-28,VLC01,FSH-DEC-ILU-1016,12,2,0,10
2026-01-28,VLC01,FSH-MUE-DOR-1013,10,4,1,5
2026-01-28,VLC01,FSH-DEC-ILU-1018,9,0,1,8
2026-01-28,VLC01,FSH-MUE-DOR-1014,11,1,0,10
2026-01-28,VLC01,FSH-MUE-MES-1004,12,0,2,10
2026-01-28,VLC01,FSH-EXT-JAR-1028,15,2,0,13
2026-01-28,VLC01,FSH-EXT-JAR-1030,9,1,0,8
2026-01-28,VLC01,FSH-MUE-SOF-1002,15,1,0,14
2026-01-28,VLC01,FSH-MUE-MES-1006,13,0,0,13
2026-01-28,VLC01,FSH-EXT-JAR-1031,14,4,0,10
2026-01-28,VLC01,FSH-MUE-MES-1007,11,3,0,8
2026-01-28,VLC01,FSH-DEC-ILU-1017,14,1,0,13
2026-01-29,MAD01,FSH-DEC-PAR-1025,16,3,2,11
2026-01-29,MAD01,FSH-MUE-DOR-1013,12,2,0,10
2026-01-29,MAD01,FSH-DEC-ILU-1018,12,5,1,6
2026-01-29,MAD01,FSH-DEC-TEX-1023,12,3,0,9
2026-01-29,MAD01,FSH-DEC-TEX-1020,21,3,1,17
2026-01-29,MAD01,FSH-MUE-DOR-1015,20,4,1,15
2026-01-29,MAD01,FSH-EXT-JAR-1029,9,1,0,8
2026-01-29,MAD01,FSH-DEC-TEX-1022,10,2,0,8
2026-01-29,MAD01,FSH-DEC-PAR-1027,12,1,0,11
2026-01-29,MAD01,FSH-DEC-ILU-1016,11,2,0,9
2026-01-29,MAD01,FSH-MUE-SOF-1003,12,2,0,10
2026-01-29,MAD01,FSH-MUE-SIL-1010,13,2,2,9
2026-01-29,MAD01,FSH-MUE-MES-1007,13,1,2,10
2026-01-29,MAD01,FSH-MUE-MES-1006,8,1,0,7
2026-01-29,MAD01,FSH-EXT-JAR-1028,16,1,0,15
2026-01-29,BCN01,FSH-DEC-PAR-1025,8,2,0,6
2026-01-29,BCN01,FSH-MUE-DOR-1013,11,2,1,8
2026-01-29,BCN01,FSH-DEC-ILU-1018,14,0,2,12
2026-01-29,BCN01,FSH-DEC-TEX-1023,11,1,2,8
2026-01-29,BCN01,FSH-DEC-TEX-1020,6,1,1,4
2026-01-29,BCN01,FSH-MUE-DOR-1015,19,2,0,17
2026-01-29,BCN01,FSH-EXT-JAR-1029,10,3,1,6
2026-01-29,BCN01,FSH-DEC-TEX-1022,7,1,0,6
2026-01-29,BCN01,FSH-DEC-PAR-1027,18,5,0,13
2026-01-29,BCN01,FSH-DEC-ILU-1016,15,1,2,12
2026-01-29,BCN01,FSH-MUE-SOF-1003,11,1,0,10
2026-01-29,BCN01,FSH-MUE-SIL-1010,7,1,0,6
2026-01-29,BCN01,FSH-MUE-MES-1007,14,3,0,11
2026-01-29,BCN01,FSH-MUE-MES-1006,18,2,0,16
2026-01-29,BCN01,FSH-EXT-JAR-1028,10,2,0,8
2026-01-29,VLC01,FSH-DEC-PAR-1025,10,1,0,9
2026-01-29,VLC01,FSH-MUE-DOR-1013,8,0,0,8
2026-01-29,VLC01,FSH-DEC-ILU-1018,12,2,1,9
2026-01-29,VLC01,FSH-DEC-TEX-1023,4,0,0,4
2026-01-29,VLC01,FSH-DEC-TEX-1020,10,1,1,8
2026-01-29,VLC01,FSH-MUE-DOR-1015,11,1,0,10
2026-01-29,VLC01,FSH-EXT-JAR-1029,12,0,0,12
2026-01-29,VLC01,FSH-DEC-TEX-1022,19,1,2,16
2026-01-29,VLC01,FSH-DEC-PAR-1027,14,3,0,11
2026-01-29,VLC01,FSH-DEC-ILU-1016,9,1,0,8
2026-01-29,VLC01,FSH-MUE-SOF-1003,7,1,1,5
2026-01-29,VLC01,FSH-MUE-SIL-1010,12,0,0,12
2026-01-29,VLC01,FSH-MUE-MES-1007,14,1,0,13
2026-01-29,VLC01,FSH-MUE-MES-1006,10,1,0,9
2026-01-29,VLC01,FSH-EXT-JAR-1028,7,1,0,6
2026-01-30,MAD01,FSH-EXT-JAR-1030,14,4,1,9
2026-01-30,MAD01,FSH-DEC-TEX-1022,11,4,1,6
2026-01-30,MAD01,FSH-MUE-SIL-1010,9,2,0,7
2026-01-30,MAD01,FSH-DEC-PAR-1026,15,3,0,12
2026-01-30,MAD01,FSH-MUE-SIL-1008,9,4,0,5
2026-01-30,MAD01,FSH-DEC-PAR-1025,12,2,1,9
2026-01-30,MAD01,FSH-DEC-ILU-1018,15,7,1,7
2026-01-30,MAD01,FSH-DEC-ILU-1019,16,4,0,12
2026-01-30,MAD01,FSH-MUE-SOF-1000,10,1,0,9
2026-01-30,MAD01,FSH-MUE-MES-1006,14,3,0,11
2026-01-30,MAD01,FSH-MUE-SIL-1011,8,1,0,7
2026-01-30,MAD01,FSH-MUE-MES-1004,15,2,1,12
2026-01-30,MAD01,FSH-MUE-DOR-1015,8,2,0,6
2026-01-30,MAD01,FSH-DEC-PAR-1024,9,1,1,7
2026-01-30,MAD01,FSH-DEC-PAR-1027,10,1,0,9
2026-01-30,BCN01,FSH-EXT-JAR-1030,11,3,1,7
2026-01-30,BCN01,FSH-DEC-TEX-1022,9,1,2,6
2026-01-30,BCN01,FSH-MUE-SIL-1010,14,0,0,14
2026-01-30,BCN01,FSH-DEC-PAR-1026,12,0,1,11
2026-01-30,BCN01,FSH-MUE-SIL-1008,10,1,0,9
2026-01-30,BCN01,FSH-DEC-PAR-1025,11,2,0,9
2026-01-30,BCN01,FSH-DEC-ILU-1018,12,2,1,9
2026-01-30,BCN01,FSH-DEC-ILU-1019,7,0,0,7
2026-01-30,BCN01,FSH-MUE-SOF-1000,9,1,1,7
2026-01-30,BCN01,FSH-MUE-MES-1006,12,1,2,9
2026-01-30,BCN01,FSH-MUE-SIL-1011,15,4,0,11
2026-01-30,BCN01,FSH-MUE-MES-1004,8,1,0,7
2026-01-30,BCN01,FSH-MUE-DOR-1015,10,1,0,9
2026-01-30,BCN01,FSH-DEC-PAR-1024,14,1,0,13
2026-01-30,BCN01,FSH-DEC-PAR-1027,11,0,2,9
2026-01-30,VLC01,FSH-EXT-JAR-1030,14,1,0,13
2026-01-30,VLC01,FSH-DEC-TEX-1022,13,1,1,11
2026-01-30,VLC01,FSH-MUE-SIL-1010,9,3,0,6
2026-01-30,VLC01,FSH-DEC-PAR-1026,10,0,1,9
2026-01-30,VLC01,FSH-MUE-SIL-1008,12,4,1,7
2026-01-30,VLC01,FSH-DEC-PAR-1025,18,2,1,15
2026-01-30,VLC01,FSH-DEC-ILU-1018,9,2,2,5
2026-01-30,VLC01,FSH-DEC-ILU-1019,17,1,0,16
2026-01-30,VLC01,FSH-MUE-SOF-1000,10,2,1,7
2026-01-30,VLC01,FSH-MUE-MES-1006,13,1,0,12
2026-01-30,VLC01,FSH-MUE-SIL-1011,10,0,0,10
2026-01-30,VLC01,FSH-MUE-MES-1004,8,1,0,7
2026-01-30,VLC01,FSH-MUE-DOR-1015,9,2,0,7
2026-01-30,VLC01,FSH-DEC-PAR-1024,18,2,0,16
2026-01-30,VLC01,FSH-DEC-PAR-1027,13,1,1,11
2026-01-31,MAD01,FSH-MUE-SIL-1008,12,2,1,9
2026-01-31,MAD01,FSH-DEC-PAR-1027,8,2,0,6
2026-01-31,MAD01,FSH-MUE-MES-1005,11,2,2,7
2026-01-31,MAD01,FSH-MUE-MES-1007,14,2,2,10
2026-01-31,MAD01,FSH-MUE-DOR-1015,19,5,0,14
2026-01-31,MAD01,FSH-MUE-DOR-1013,16,2,1,13
2026-01-31,MAD01,FSH-MUE-SOF-1000,15,2,0,13
2026-01-31,MAD01,FSH-EXT-JAR-1028,10,1,0,9
2026-01-31,MAD01,FSH-MUE-SIL-1009,7,0,0,7
2026-01-31,MAD01,FSH-MUE-SOF-1003,20,6,1,13
2026-01-31,MAD01,FSH-DEC-TEX-1022,13,3,0,10
2026-01-31,MAD01,FSH-DEC-TEX-1020,12,2,1,9
2026-01-31,MAD01,FSH-MUE-DOR-1012,6,1,0,5
2026-01-31,MAD01,FSH-EXT-JAR-1029,10,3,0,7
2026-01-31,MAD01,FSH-MUE-MES-1004,16,1,0,15
2026-01-31,BCN01,FSH-MUE-SIL-1008,10,2,0,8
2026-01-31,BCN01,FSH-DEC-PAR-1027,9,1,0,8
2026-01-31,BCN01,FSH-MUE-MES-1005,15,2,0,13
2026-01-31,BCN01,FSH-MUE-MES-1007,15,1,1,13
2026-01-31,BCN01,FSH-MUE-DOR-1015,11,1,0,10
2026-01-31,BCN01,FSH-MUE-DOR-1013,10,1,0,9
2026-01-31,BCN01,FSH-MUE-SOF-1000,15,0,1,14
2026-01-31,BCN01,FSH-EXT-JAR-1028,12,3,1,8
2026-01-31,BCN01,FSH-MUE-SIL-1009,16,5,1,10
2026-01-31,BCN01,FSH-MUE-SOF-1003,8,0,0,8
2026-01-31,BCN01,FSH-DEC-TEX-1022,15,2,1,12
2026-01-31,BCN01,FSH-DEC-TEX-1020,17,2,0,15
2026-01-31,BCN01,FSH-MUE-DOR-1012,14,3,0,11
2026-01-31,BCN01,FSH-EXT-JAR-1029,12,0,0,12
2026-01-31,BCN01,FSH-MUE-MES-1004,14,2,1,11
2026-01-31,VLC01,FSH-MUE-SIL-1008,8,0,0,8
2026-01-31,VLC01,FSH-DEC-PAR-1027,9,1,2,6
2026-01-31,VLC01,FSH-MUE-MES-1005,8,2,0,6
2026-01-31,VLC01,FSH-MUE-MES-1007,9,0,0,9
2026-01-31,VLC01,FSH-MUE-DOR-1015,15,1,1,13
2026-01-31,VLC01,FSH-MUE-DOR-1013,15,3,0,12
2026-01-31,VLC01,FSH-MUE-SOF-1000,8,1,1,6
2026-01-31,VLC01,FSH-EXT-JAR-1028,10,0,0,10
2026-01-31,VLC01,FSH-MUE-SIL-1009,16,2,0,14
2026-01-31,VLC01,FSH-MUE-SOF-1003,10,3,2,5
2026-01-31,VLC01,FSH-DEC-TEX-1022,11,3,0,8
2026-01-31,VLC01,FSH-DEC-TEX-1020,12,3,0,9
2026-01-31,VLC01,FSH-MUE-DOR-1012,9,2,0,7
2026-01-31,VLC01,FSH-EXT-JAR-1029,8,1,0,7
2026-01-31,VLC01,FSH-MUE-MES-1004,13,3,0,10
2026-02-01,MAD01,FSH-MUE-SOF-1000,9,1,0,8
2026-02-01,MAD01,FSH-MUE-DOR-1014,9,2,1,6
2026-02-01,MAD01,FSH-MUE-MES-1006,12,3,0,9
2026-02-01,MAD01,FSH-MUE-DOR-1013,9,0,0,9
2026-02-01,MAD01,FSH-EXT-JAR-1031,15,3,1,11
2026-02-01,MAD01,FSH-DEC-ILU-1016,13,0,0,13
2026-02-01,MAD01,FSH-DEC-PAR-1025,13,0,1,12
2026-02-01,MAD01,FSH-DEC-TEX-1021,14,3,1,10
2026-02-01,MAD01,FSH-DEC-PAR-1026,10,3,0,7
2026-02-01,MAD01,FSH-DEC-TEX-1020,7,2,0,5
2026-02-01,MAD01,FSH-MUE-DOR-1012,9,4,0,5
2026-02-01,MAD01,FSH-MUE-DOR-1015,19,2,1,16
2026-02-01,MAD01,FSH-EXT-JAR-1028,8,1,0,7
2026-02-01,MAD01,FSH-MUE-SIL-1008,11,1,0,10
2026-02-01,MAD01,FSH-DEC-ILU-1018,13,1,1,11
2026-02-01,BCN01,FSH-MUE-SOF-1000,19,4,0,15
2026-02-01,BCN01,FSH-MUE-DOR-1014,9,0,0,9
2026-02-01,BCN01,FSH-MUE-MES-1006,12,1,0,11
2026-02-01,BCN01,FSH-MUE-DOR-1013,13,4,1,8
2026-02-01,BCN01,FSH-EXT-JAR-1031,8,2,0,6
2026-02-01,BCN01,FSH-DEC-ILU-1016,15,3,3,9
2026-02-01,BCN01,FSH-DEC-PAR-1025,12,3,0,9
2026-02-01,BCN01,FSH-DEC-TEX-1021,14,2,0,12
2026-02-01,BCN01,FSH-DEC-PAR-1026,10,2,1,7
2026-02-01,BCN01,FSH-DEC-TEX-1020,8,2,0,6
2026-02-01,BCN01,FSH-MUE-DOR-1012,12,2,0,10
2026-02-01,BCN01,FSH-MUE-DOR-1015,17,7,0,10
2026-02-01,BCN01,FSH-EXT-JAR-1028,9,2,1,6
2026-02-01,BCN01,FSH-MUE-SIL-1008,14,2,1,11
2026-02-01,BCN01,FSH-DEC-ILU-1018,11,2,1,8
2026-02-01,VLC01,FSH-MUE-SOF-1000,23,4,2,17
2026-02-01,VLC01,FSH-MUE-DOR-1014,12,2,0,10
2026-02-01,VLC01,FSH-MUE-MES-1006,8,1,1,6
2026-02-01,VLC01,FSH-MUE-DOR-1013,15,0,0,15
2026-02-01,VLC01,FSH-EXT-JAR-1031,8,1,0,7
2026-02-01,VLC01,FSH-DEC-ILU-1016,9,0,0,9
2026-02-01,VLC01,FSH-DEC-PAR-1025,11,2,0,9
2026-02-01,VLC01,FSH-DEC-TEX-1021,13,4,0,9
2026-02-01,VLC01,FSH-DEC-PAR-1026,15,1,1,13
2026-02-01,VLC01,FSH-DEC-TEX-1020,14,0,1,13
2026-02-01,VLC01,FSH-MUE-DOR-1012,3,0,0,3
2026-02-01,VLC01,FSH-MUE-DOR-1015,11,0,0,11
2026-02-01,VLC01,FSH-EXT-JAR-1028,18,3,0,15
2026-02-01,VLC01,FSH-MUE-SIL-1008,19,2,0,17
2026-02-01,VLC01,FSH-DEC-ILU-1018,11,3,0,8
2026-02-02,MAD01,FSH-DEC-TEX-1021,13,0,0,13
2026-02-02,MAD01,FSH-DEC-ILU-1017,7,0,0,7
2026-02-02,MAD01,FSH-DEC-PAR-1027,7,1,1,5
2026-02-02,MAD01,FSH-MUE-MES-1005,5,1,0,4
2026-02-02,MAD01,FSH-MUE-MES-1004,9,1,0,8
2026-02-02,MAD01,FSH-MUE-SIL-1008,11,2,0,9
2026-02-02,MAD01,FSH-DEC-ILU-1016,9,1,1,7
2026-02-02,MAD01,FSH-EXT-JAR-1028,15,1,1,13
2026-02-02,MAD01,FSH-DEC-PAR-1026,13,2,0,11
2026-02-02,MAD01,FSH-MUE-SOF-1000,13,0,1,12
2026-02-02,MAD01,FSH-DEC-TEX-1023,7,3,1,3
2026-02-02,MAD01,FSH-MUE-SIL-1011,5,0,0,5
2026-02-02,MAD01,FSH-EXT-JAR-1030,13,2,0,11
2026-02-02,MAD01,FSH-EXT-JAR-1031,13,1,0,12
2026-02-02,MAD01,FSH-MUE-DOR-1012,16,2,0,14
2026-02-02,BCN01,FSH-DEC-TEX-1021,16,4,2,10
2026-02-02,BCN01,FSH-DEC-ILU-1017,19,2,0,17
2026-02-02,BCN01,FSH-DEC-PAR-1027,10,2,0,8
2026-02-02,BCN01,FSH-MUE-MES-1005,16,3,1,12
2026-02-02,BCN01,FSH-MUE-MES-1004,10,0,0,10
2026-02-02,BCN01,FSH-MUE-SIL-1008,9,1,0,8
2026-02-02,BCN01,FSH-DEC-ILU-1016,17,3,0,14
2026-02-02,BCN01,FSH-EXT-JAR-1028,17,2,2,13
2026-02-02,BCN01,FSH-DEC-PAR-1026,10,0,2,8
2026-02-02,BCN01,FSH-MUE-SOF-1000,8,1,1,6
2026-02-02,BCN01,FSH-DEC-TEX-1023,13,0,1,12
2026-02-02,BCN01,FSH-MUE-SIL-1011,12,1,0,11
2026-02-02,BCN01,FSH-EXT-JAR-1030,12,3,0,9
2026-02-02,BCN01,FSH-EXT-JAR-1031,10,0,0,10
2026-02-02,BCN01,FSH-MUE-DOR-1012,9,2,0,7
2026-02-02,VLC01,FSH-DEC-TEX-1021,15,4,2,9
2026-02-02,VLC01,FSH-DEC-ILU-1017,15,1,3,11
2026-02-02,VLC01,FSH-DEC-PAR-1027,9,1,0,8
2026-02-02,VLC01,FSH-MUE-MES-1005,13,2,0,11
2026-02-02,VLC01,FSH-MUE-MES-1004,13,2,1,10
2026-02-02,VLC01,FSH-MUE-SIL-1008,9,0,0,9
2026-02-02,VLC01,FSH-DEC-ILU-1016,11,2,0,9
2026-02-02,VLC01,FSH-EXT-JAR-1028,10,1,0,9
2026-02-02,VLC01,FSH-DEC-PAR-1026,12,1,0,11
2026-02-02,VLC01,FSH-MUE-SOF-1000,12,1,0,11
2026-02-02,VLC01,FSH-DEC-TEX-1023,13,3,0,10
2026-02-02,VLC01,FSH-MUE-SIL-1011,14,3,0,11
2026-02-02,VLC01,FSH-EXT-JAR-1030,16,3,3,10
2026-02-02,VLC01,FSH-EXT-JAR-1031,9,1,0,8
2026-02-02,VLC01,FSH-MUE-DOR-1012,14,2,0,12
2026-02-03,MAD01,FSH-EXT-JAR-1031,11,3,1,7
2026-02-03,MAD01,FSH-DEC-PAR-1027,12,1,1,10
2026-02-03,MAD01,FSH-DEC-ILU-1019,9,0,1,8
2026-02-03,MAD01,FSH-MUE-MES-1007,11,1,1,9
2026-02-03,MAD01,FSH-MUE-DOR-1013,16,3,0,13
2026-02-03,MAD01,FSH-EXT-JAR-1028,11,0,0,11
2026-02-03,MAD01,FSH-MUE-SOF-1002,10,1,0,9
2026-02-03,MAD01,FSH-DEC-ILU-1016,8,0,0,8
2026-02-03,MAD01,FSH-MUE-SIL-1008,11,2,1,8
2026-02-03,MAD01,FSH-EXT-JAR-1030,12,1,1,10
2026-02-03,MAD01,FSH-MUE-DOR-1015,12,3,0,9
2026-02-03,MAD01,FSH-MUE-DOR-1012,7,0,0,7
2026-02-03,MAD01,FSH-DEC-PAR-1024,17,5,1,11
2026-02-03,MAD01,FSH-DEC-PAR-1025,15,1,1,13
2026-02-03,MAD01,FSH-DEC-ILU-1017,8,1,0,7
2026-02-03,BCN01,FSH-EXT-JAR-1031,9,0,0,9
2026-02-03,BCN01,FSH-DEC-PAR-1027,10,2,1,7
2026-02-03,BCN01,FSH-DEC-ILU-1019,15,1,1,13
2026-02-03,BCN01,FSH-MUE-MES-1007,9,1,1,7
2026-02-03,BCN01,FSH-MUE-DOR-1013,15,1,1,13
2026-02-03,BCN01,FSH-EXT-JAR-1028,10,1,1,8
2026-02-03,BCN01,FSH-MUE-SOF-1002,13,1,1,11
2026-02-03,BCN01,FSH-DEC-ILU-1016,9,0,0,9
2026-02-03,BCN01,FSH-MUE-SIL-1008,10,4,0,6
2026-02-03,BCN01,FSH-EXT-JAR-1030,9,1,1,7
2026-02-03,BCN01,FSH-MUE-DOR-1015,12,0,1,11
2026-02-03,BCN01,FSH-MUE-DOR-1012,14,4,1,9
2026-02-03,BCN01,FSH-DEC-PAR-1024,11,1,0,10
2026-02-03,BCN01,FSH-DEC-PAR-1025,12,3,0,9
2026-02-03,BCN01,FSH-DEC-ILU-1017,11,1,2,8
2026-02-03,VLC01,FSH-EXT-JAR-1031,16,1,0,15
2026-02-03,VLC01,FSH-DEC-PAR-1027,7,0,0,7
2026-02-03,VLC01,FSH-DEC-ILU-1019,14,5,1,8
2026-02-03,VLC01,FSH-MUE-MES-1007,10,3,1,6
2026-02-03,VLC01,FSH-MUE-DOR-1013,16,7,0,9
2026-02-03,VLC01,FSH-EXT-JAR-1028,10,0,1,9
2026-02-03,VLC01,FSH-MUE-SOF-1002,12,1,1,10
2026-02-03,VLC01,FSH-DEC-ILU-1016,8,0,2,6
2026-02-03,VLC01,FSH-MUE-SIL-1008,9,1,0,8
2026-02-03,VLC01,FSH-EXT-JAR-1030,13,3,0,10
2026-02-03,VLC01,FSH-MUE-DOR-1015,15,2,0,13
2026-02-03,VLC01,FSH-MUE-DOR-1012,16,3,0,13
2026-02-03,VLC01,FSH-DEC-PAR-1024,11,3,0,8
2026-02-03,VLC01,FSH-DEC-PAR-1025,12,2,0,10
2026-02-03,VLC01,FSH-DEC-ILU-1017,16,0,1,15
2026-02-04,MAD01,FSH-DEC-ILU-1017,11,2,1,8
2026-02-04,MAD01,FSH-MUE-SOF-1002,17,2,1,14
2026-02-04,MAD01,FSH-DEC-PAR-1027,11,2,0,9
2026-02-04,MAD01,FSH-MUE-SIL-1010,17,2,4,11
2026-02-04,MAD01,FSH-MUE-MES-1004,12,2,1,9
2026-02-04,MAD01,FSH-DEC-TEX-1022,14,4,1,9
2026-02-04,MAD01,FSH-MUE-MES-1006,8,3,1,4
2026-02-04,MAD01,FSH-DEC-ILU-1019,12,2,0,10
2026-02-04,MAD01,FSH-DEC-ILU-1016,15,3,0,12
2026-02-04,MAD01,FSH-MUE-MES-1007,12,1,0,11
2026-02-04,MAD01,FSH-DEC-TEX-1021,8,1,0,7
2026-02-04,MAD01,FSH-DEC-ILU-1018,8,2,0,6
2026-02-04,MAD01,FSH-MUE-DOR-1013,10,3,0,7
2026-02-04,MAD01,FSH-MUE-DOR-1014,6,1,0,5
2026-02-04,MAD01,FSH-MUE-SOF-1003,11,1,1,9
2026-02-04,BCN01,FSH-DEC-ILU-1017,16,4,0,12
2026-02-04,BCN01,FSH-MUE-SOF-1002,16,1,1,14
2026-02-04,BCN01,FSH-DEC-PAR-1027,12,1,0,11
2026-02-04,BCN01,FSH-MUE-SIL-1010,12,1,1,10
2026-02-04,BCN01,FSH-MUE-MES-1004,23,4,1,18
2026-02-04,BCN01,FSH-DEC-TEX-1022,14,6,1,7
2026-02-04,BCN01,FSH-MUE-MES-1006,17,2,0,15
2026-02-04,BCN01,FSH-DEC-ILU-1019,11,2,0,9
2026-02-04,BCN01,FSH-DEC-ILU-1016,18,2,0,16
2026-02-04,BCN01,FSH-MUE-MES-1007,10,1,0,9
2026-02-04,BCN01,FSH-DEC-TEX-1021,11,0,0,11
2026-02-04,BCN01,FSH-DEC-ILU-1018,10,2,1,7
2026-02-04,BCN01,FSH-MUE-DOR-1013,9,2,0,7
2026-02-04,BCN01,FSH-MUE-DOR-1014,19,2,0,17
2026-02-04,BCN01,FSH-MUE-SOF-1003,7,0,0,7
2026-02-04,VLC01,FSH-DEC-ILU-1017,13,0,0,13
2026-02-04,VLC01,FSH-MUE-SOF-1002,10,1,0,9
2026-02-04,VLC01,FSH-DEC-PAR-1027,12,1,0,11
2026-02-04,VLC01,FSH-MUE-SIL-1010,13,2,1,10
2026-02-04,VLC01,FSH-MUE-MES-1004,12,2,1,9
2026-02-04,VLC01,FSH-DEC-TEX-1022,14,3,1,10
2026-02-04,VLC01,FSH-MUE-MES-1006,11,2,0,9
2026-02-04,VLC01,FSH-DEC-ILU-1019,6,0,1,5
2026-02-04,VLC01,FSH-DEC-ILU-1016,5,0,0,5
2026-02-04,VLC01,FSH-MUE-MES-1007,6,1,0,5
2026-02-04,VLC01,FSH-DEC-TEX-1021,13,3,1,9
2026-02-04,VLC01,FSH-DEC-ILU-1018,16,1,0,15
2026-02-04,VLC01,FSH-MUE-DOR-1013,11,2,1,8
2026-02-04,VLC01,FSH-MUE-DOR-1014,12,3,0,9
2026-02-04,VLC01,FSH-MUE-SOF-1003,22,6,0,16
2026-02-05,MAD01,FSH-EXT-JAR-1030,9,2,1,6
2026-02-05,MAD01,FSH-MUE-DOR-1015,11,2,0,9
2026-02-05,MAD01,FSH-MUE-SIL-1010,16,2,2,12
2026-02-05,MAD01,FSH-DEC-TEX-1020,17,4,0,13
2026-02-05,MAD01,FSH-DEC-ILU-1017,12,1,0,11
2026-02-05,MAD01,FSH-MUE-DOR-1013,13,1,1,11
2026-02-05,MAD01,FSH-MUE-MES-1007,14,2,0,12
2026-02-05,MAD01,FSH-EXT-JAR-1029,12,1,1,10
2026-02-05,MAD01,FSH-DEC-TEX-1023,18,1,1,16
2026-02-05,MAD01,FSH-DEC-ILU-1016,17,3,0,14
2026-02-05,MAD01,FSH-MUE-SIL-1011,10,1,2,7
2026-02-05,MAD01,FSH-MUE-SOF-1003,17,1,0,16
2026-02-05,MAD01,FSH-MUE-DOR-1014,10,3,2,5
2026-02-05,MAD01,FSH-DEC-PAR-1025,12,2,0,10
2026-02-05,MAD01,FSH-DEC-TEX-1021,15,2,0,13
2026-02-05,BCN01,FSH-EXT-JAR-1030,21,4,1,16
2026-02-05,BCN01,FSH-MUE-DOR-1015,9,3,0,6
2026-02-05,BCN01,FSH-MUE-SIL-1010,19,1,2,16
2026-02-05,BCN01,FSH-DEC-TEX-1020,13,4,0,9
2026-02-05,BCN01,FSH-DEC-ILU-1017,12,2,0,10
2026-02-05,BCN01,FSH-MUE-DOR-1013,11,0,0,11
2026-02-05,BCN01,FSH-MUE-MES-1007,9,0,1,8
2026-02-05,BCN01,FSH-EXT-JAR-1029,9,0,0,9
2026-02-05,BCN01,FSH-DEC-TEX-1023,13,1,0,12
2026-02-05,BCN01,FSH-DEC-ILU-1016,20,4,0,16
2026-02-05,BCN01,FSH-MUE-SIL-1011,10,0,1,9
2026-02-05,BCN01,FSH-MUE-SOF-1003,9,0,2,7
2026-02-05,BCN01,FSH-MUE-DOR-1014,12,1,0,11
2026-02-05,BCN01,FSH-DEC-PAR-1025,11,4,0,7
2026-02-05,BCN01,FSH-DEC-TEX-1021,13,2,1,10
2026-02-05,VLC01,FSH-EXT-JAR-1030,7,0,1,6
2026-02-05,VLC01,FSH-MUE-DOR-1015,8,0,1,7
2026-02-05,VLC01,FSH-MUE-SIL-1010,9,3,0,6
2026-02-05,VLC01,FSH-DEC-TEX-1020,11,1,0,10
2026-02-05,VLC01,FSH-DEC-ILU-1017,13,3,1,9
2026-02-05,VLC01,FSH-MUE-DOR-1013,13,1,1,11
2026-02-05,VLC01,FSH-MUE-MES-1007,12,1,0,11
2026-02-05,VLC01,FSH-EXT-JAR-1029,15,2,0,13
2026-02-05,VLC01,FSH-DEC-TEX-1023,17,0,1,16
2026-02-05,VLC01,FSH-DEC-ILU-1016,13,2,0,11
2026-02-05,VLC01,FSH-MUE-SIL-1011,14,3,0,11
2026-02-05,VLC01,FSH-MUE-SOF-1003,14,2,1,11
2026-02-05,VLC01,FSH-MUE-DOR-1014,9,2,0,7
2026-02-05,VLC01,FSH-DEC-PAR-1025,10,2,0,8
2026-02-05,VLC01,FSH-DEC-TEX-1021,14,1,0,13
2026-02-06,MAD01,FSH-MUE-SIL-1009,14,0,0,14
2026-02-06,MAD01,FSH-MUE-MES-1007,10,1,1,8
2026-02-06,MAD01,FSH-MUE-SOF-1000,7,1,0,6
2026-02-06,MAD01,FSH-MUE-MES-1005,10,0,0,10
2026-02-06,MAD01,FSH-MUE-MES-1006,16,5,3,8
2026-02-06,MAD01,FSH-EXT-JAR-1030,6,0,1,5
2026-02-06,MAD01,FSH-MUE-SOF-1002,13,3,0,10
2026-02-06,MAD01,FSH-MUE-DOR-1013,14,2,0,12
2026-02-06,MAD01,FSH-MUE-MES-1004,12,4,1,7
2026-02-06,MAD01,FSH-EXT-JAR-1031,12,0,0,12
2026-02-06,MAD01,FSH-DEC-ILU-1018,9,4,0,5
2026-02-06,MAD01,FSH-DEC-ILU-1016,17,2,2,13
2026-02-06,MAD01,FSH-DEC-ILU-1019,12,1,0,11
2026-02-06,MAD01,FSH-MUE-SOF-1001,16,4,2,10
2026-02-06,MAD01,FSH-DEC-TEX-1023,5,0,0,5
2026-02-06,BCN01,FSH-MUE-SIL-1009,15,2,1,12
2026-02-06,BCN01,FSH-MUE-MES-1007,10,1,0,9
2026-02-06,BCN01,FSH-MUE-SOF-1000,22,4,1,17
2026-02-06,BCN01,FSH-MUE-MES-1005,11,2,0,9
2026-02-06,BCN01,FSH-MUE-MES-1006,10,1,0,9
2026-02-06,BCN01,FSH-EXT-JAR-1030,12,4,0,8
2026-02-06,BCN01,FSH-MUE-SOF-1002,6,1,0,5
2026-02-06,BCN01,FSH-MUE-DOR-1013,14,1,1,12
2026-02-06,BCN01,FSH-MUE-MES-1004,10,0,0,10
2026-02-06,BCN01,FSH-EXT-JAR-1031,9,1,0,8
2026-02-06,BCN01,FSH-DEC-ILU-1018,13,2,1,10
2026-02-06,BCN01,FSH-DEC-ILU-1016,11,1,1,9
2026-02-06,BCN01,FSH-DEC-ILU-1019,9,2,0,7
2026-02-06,BCN01,FSH-MUE-SOF-1001,6,1,0,5
2026-02-06,BCN01,FSH-DEC-TEX-1023,9,1,0,8
2026-02-06,VLC01,FSH-MUE-SIL-1009,9,1,0,8
2026-02-06,VLC01,FSH-MUE-MES-1007,11,2,0,9
2026-02-06,VLC01,FSH-MUE-SOF-1000,8,0,0,8
2026-02-06,VLC01,FSH-MUE-MES-1005,14,1,0,13
2026-02-06,VLC01,FSH-MUE-MES-1006,14,4,0,10
2026-02-06,VLC01,FSH-EXT-JAR-1030,15,0,2,13
2026-02-06,VLC01,FSH-MUE-SOF-1002,16,3,1,12
2026-02-06,VLC01,FSH-MUE-DOR-1013,16,2,0,14
2026-02-06,VLC01,FSH-MUE-MES-1004,10,0,0,10
2026-02-06,VLC01,FSH-EXT-JAR-1031,13,1,0,12
2026-02-06,VLC01,FSH-DEC-ILU-1018,19,3,1,15
2026-02-06,VLC01,FSH-DEC-ILU-1016,15,2,1,12
2026-02-06,VLC01,FSH-DEC-ILU-1019,10,1,0,9
2026-02-06,VLC01,FSH-MUE-SOF-1001,14,2,1,11
2026-02-06,VLC01,FSH-DEC-TEX-1023,12,1,2,9
2026-02-07,MAD01,FSH-MUE-MES-1006,14,2,0,12
2026-02-07,MAD01,FSH-MUE-DOR-1014,7,0,0,7
2026-02-07,MAD01,FSH-MUE-SOF-1000,19,5,1,13
2026-02-07,MAD01,FSH-MUE-DOR-1012,10,2,2,6
2026-02-07,MAD01,FSH-DEC-ILU-1017,18,5,0,13
2026-02-07,MAD01,FSH-MUE-SIL-1009,12,2,0,10
2026-02-07,MAD01,FSH-MUE-DOR-1015,12,0,0,12
2026-02-07,MAD01,FSH-MUE-MES-1005,14,4,1,9
2026-02-07,MAD01,FSH-DEC-PAR-1027,15,3,2,10
2026-02-07,MAD01,FSH-DEC-TEX-1022,14,3,0,11
2026-02-07,MAD01,FSH-EXT-JAR-1028,11,0,0,11
2026-02-07,MAD01,FSH-EXT-JAR-1030,7,2,2,3
2026-02-07,MAD01,FSH-DEC-PAR-1026,10,3,0,7
2026-02-07,MAD01,FSH-MUE-SIL-1008,14,0,2,12
2026-02-07,MAD01,FSH-DEC-ILU-1018,16,1,0,15
2026-02-07,BCN01,FSH-MUE-MES-1006,10,1,0,9
2026-02-07,BCN01,FSH-MUE-DOR-1014,18,0,0,18
2026-02-07,BCN01,FSH-MUE-SOF-1000,12,1,0,11
2026-02-07,BCN01,FSH-MUE-DOR-1012,10,2,1,7
2026-02-07,BCN01,FSH-DEC-ILU-1017,11,2,0,9
2026-02-07,BCN01,FSH-MUE-SIL-1009,15,2,0,13
2026-02-07,BCN01,FSH-MUE-DOR-1015,10,3,1,6
2026-02-07,BCN01,FSH-MUE-MES-1005,10,0,1,9
2026-02-07,BCN01,FSH-DEC-PAR-1027,12,2,1,9
2026-02-07,BCN01,FSH-DEC-TEX-1022,9,1,0,8
2026-02-07,BCN01,FSH-EXT-JAR-1028,12,1,1,10
2026-02-07,BCN01,FSH-EXT-JAR-1030,9,2,0,7
2026-02-07,BCN01,FSH-DEC-PAR-1026,14,2,0,12
2026-02-07,BCN01,FSH-MUE-SIL-1008,10,2,0,8
2026-02-07,BCN01,FSH-DEC-ILU-1018,8,3,0,5
2026-02-07,VLC01,FSH-MUE-MES-1006,19,4,0,15
2026-02-07,VLC01,FSH-MUE-DOR-1014,14,1,1,12
2026-02-07,VLC01,FSH-MUE-SOF-1000,16,3,0,13
2026-02-07,VLC01,FSH-MUE-DOR-1012,11,1,2,8
2026-02-07,VLC01,FSH-DEC-ILU-1017,8,2,0,6
2026-02-07,VLC01,FSH-MUE-SIL-1009,10,2,0,8
2026-02-07,VLC01,FSH-MUE-DOR-1015,12,1,0,11
2026-02-07,VLC01,FSH-MUE-MES-1005,13,5,0,8
2026-02-07,VLC01,FSH-DEC-PAR-1027,17,3,1,13
2026-02-07,VLC01,FSH-DEC-TEX-1022,14,2,1,11
2026-02-07,VLC01,FSH-EXT-JAR-1028,8,1,0,7
2026-02-07,VLC01,FSH-EXT-JAR-1030,10,3,0,7
2026-02-07,VLC01,FSH-DEC-PAR-1026,11,2,1,8
2026-02-07,VLC01,FSH-MUE-SIL-1008,9,1,0,8
2026-02-07,VLC01,FSH-DEC-ILU-1018,14,0,1,13
2026-02-08,MAD01,FSH-MUE-SOF-1002,9,2,0,7
2026-02-08,MAD01,FSH-MUE-MES-1007,11,1,1,9
2026-02-08,MAD01,FSH-DEC-PAR-1025,18,2,1,15
2026-02-08,MAD01,FSH-MUE-SOF-1001,19,2,2,15
2026-02-08,MAD01,FSH-MUE-SIL-1008,13,2,0,11
2026-02-08,MAD01,FSH-MUE-SIL-1010,12,3,0,9
2026-02-08,MAD01,FSH-DEC-PAR-1024,10,3,0,7
2026-02-08,MAD01,FSH-DEC-ILU-1018,11,2,0,9
2026-02-08,MAD01,FSH-MUE-MES-1005,10,3,0,7
2026-02-08,MAD01,FSH-DEC-PAR-1026,17,5,0,12
2026-02-08,MAD01,FSH-EXT-JAR-1029,11,1,0,10
2026-02-08,MAD01,FSH-DEC-TEX-1022,10,1,1,8
2026-02-08,MAD01,FSH-DEC-PAR-1027,17,1,2,14
2026-02-08,MAD01,FSH-MUE-DOR-1015,9,0,0,9
2026-02-08,MAD01,FSH-DEC-TEX-1023,7,0,0,7
2026-02-08,BCN01,FSH-MUE-SOF-1002,13,3,0,10
2026-02-08,BCN01,FSH-MUE-MES-1007,10,2,0,8
2026-02-08,BCN01,FSH-DEC-PAR-1025,10,2,0,8
2026-02-08,BCN01,FSH-MUE-SOF-1001,7,0,0,7
2026-02-08,BCN01,FSH-MUE-SIL-1008,8,0,0,8
2026-02-08,BCN01,FSH-MUE-SIL-1010,8,0,0,8
2026-02-08,BCN01,FSH-DEC-PAR-1024,12,4,2,6
2026-02-08,BCN01,FSH-DEC-ILU-1018,15,2,0,13
2026-02-08,BCN01,FSH-MUE-MES-1005,19,3,0,16
2026-02-08,BCN01,FSH-DEC-PAR-1026,10,0,1,9
2026-02-08,BCN01,FSH-EXT-JAR-1029,8,2,0,6
2026-02-08,BCN01,FSH-DEC-TEX-1022,13,1,1,11
2026-02-08,BCN01,FSH-DEC-PAR-1027,11,1,0,10
2026-02-08,BCN01,FSH-MUE-DOR-1015,17,5,2,10
2026-02-08,BCN01,FSH-DEC-TEX-1023,8,2,0,6
2026-02-08,VLC01,FSH-MUE-SOF-1002,13,1,0,12
2026-02-08,VLC01,FSH-MUE-MES-1007,18,3,1,14
2026-02-08,VLC01,FSH-DEC-PAR-1025,11,1,0,10
2026-02-08,VLC01,FSH-MUE-SOF-1001,14,5,0,9
2026-02-08,VLC01,FSH-MUE-SIL-1008,9,1,1,7
2026-02-08,VLC01,FSH-MUE-SIL-1010,11,1,0,10
2026-02-08,VLC01,FSH-DEC-PAR-1024,8,2,0,6
2026-02-08,VLC01,FSH-DEC-ILU-1018,14,2,0,12
2026-02-08,VLC01,FSH-MUE-MES-1005,11,1,1,9
2026-02-08,VLC01,FSH-DEC-PAR-1026,13,1,1,11
2026-02-08,VLC01,FSH-EXT-JAR-1029,14,2,0,12
2026-02-08,VLC01,FSH-DEC-TEX-1022,11,1,1,9
2026-02-08,VLC01,FSH-DEC-PAR-1027,13,2,0,11
2026-02-08,VLC01,FSH-MUE-DOR-1015,11,1,0,10
2026-02-08,VLC01,FSH-DEC-TEX-1023,7,0,1,6
2026-02-09,MAD01,FSH-MUE-SOF-1002,11,2,1,8
2026-02-09,MAD01,FSH-MUE-DOR-1013,12,1,0,11
2026-02-09,MAD01,FSH-DEC-ILU-1017,14,2,0,12
2026-02-09,MAD01,FSH-EXT-JAR-1028,12,2,0,10
2026-02-09,MAD01,FSH-DEC-ILU-1016,18,4,0,14
2026-02-09,MAD01,FSH-DEC-PAR-1026,12,2,0,10
2026-02-09,MAD01,FSH-DEC-TEX-1022,11,3,0,8
2026-02-09,MAD01,FSH-MUE-SIL-1011,13,2,3,8
2026-02-09,MAD01,FSH-MUE-SOF-1003,7,0,1,6
2026-02-09,MAD01,FSH-EXT-JAR-1031,17,1,1,15
2026-02-09,MAD01,FSH-DEC-TEX-1020,10,0,0,10
2026-02-09,MAD01,FSH-MUE-DOR-1015,14,4,0,10
2026-02-09,MAD01,FSH-MUE-DOR-1014,11,1,1,9
2026-02-09,MAD01,FSH-DEC-TEX-1023,14,3,1,10
2026-02-09,MAD01,FSH-MUE-MES-1004,11,2,0,9
2026-02-09,BCN01,FSH-MUE-SOF-1002,11,1,1,9
2026-02-09,BCN01,FSH-MUE-DOR-1013,10,2,0,8
2026-02-09,BCN01,FSH-DEC-ILU-1017,12,1,0,11
2026-02-09,BCN01,FSH-EXT-JAR-1028,17,2,1,14
2026-02-09,BCN01,FSH-DEC-ILU-1016,8,1,0,7
2026-02-09,BCN01,FSH-DEC-PAR-1026,13,1,1,11
2026-02-09,BCN01,FSH-DEC-TEX-1022,13,1,1,11
2026-02-09,BCN01,FSH-MUE-SIL-1011,16,0,0,16
2026-02-09,BCN01,FSH-MUE-SOF-1003,6,1,0,5
2026-02-09,BCN01,FSH-EXT-JAR-1031,16,3,2,11
2026-02-09,BCN01,FSH-DEC-TEX-1020,7,2,1,4
2026-02-09,BCN01,FSH-MUE-DOR-1015,12,2,1,9
2026-02-09,BCN01,FSH-MUE-DOR-1014,12,1,0,11
2026-02-09,BCN01,FSH-DEC-TEX-1023,19,6,0,13
2026-02-09,BCN01,FSH-MUE-MES-1004,14,3,1,10
2026-02-09,VLC01,FSH-MUE-SOF-1002,13,3,0,10
2026-02-09,VLC01,FSH-MUE-DOR-1013,16,1,2,13
2026-02-09,VLC01,FSH-DEC-ILU-1017,11,1,0,10
2026-02-09,VLC01,FSH-EXT-JAR-1028,12,3,0,9
2026-02-09,VLC01,FSH-DEC-ILU-1016,11,1,1,9
2026-02-09,VLC01,FSH-DEC-PAR-1026,8,3,0,5
2026-02-09,VLC01,FSH-DEC-TEX-1022,16,1,2,13
2026-02-09,VLC01,FSH-MUE-SIL-1011,14,3,0,11
2026-02-09,VLC01,FSH-MUE-SOF-1003,14,4,0,10
2026-02-09,VLC01,FSH-EXT-JAR-1031,10,2,0,8
2026-02-09,VLC01,FSH-DEC-TEX-1020,7,1,0,6
2026-02-09,VLC01,FSH-MUE-DOR-1015,15,3,0,12
2026-02-09,VLC01,FSH-MUE-DOR-1014,8,1,1,6
2026-02-09,VLC01,FSH-DEC-TEX-1023,9,4,0,5
2026-02-09,VLC01,FSH-MUE-MES-1004,15,0,2,13
2026-02-10,MAD01,FSH-MUE-SIL-1011,7,0,0,7
2026-02-10,MAD01,FSH-EXT-JAR-1031,4,0,0,4
2026-02-10,MAD01,FSH-MUE-SIL-1010,12,1,2,9
2026-02-10,MAD01,FSH-DEC-PAR-1024,17,2,1,14
2026-02-10,MAD01,FSH-EXT-JAR-1028,13,2,3,8
2026-02-10,MAD01,FSH-MUE-MES-1005,16,3,0,13
2026-02-10,MAD01,FSH-DEC-PAR-1026,7,1,0,6
2026-02-10,MAD01,FSH-MUE-DOR-1014,16,3,0,13
2026-02-10,MAD01,FSH-MUE-MES-1007,10,5,0,5
2026-02-10,MAD01,FSH-MUE-DOR-1015,10,3,0,7
2026-02-10,MAD01,FSH-MUE-SIL-1008,8,3,0,5
2026-02-10,MAD01,FSH-DEC-PAR-1025,9,2,0,7
2026-02-10,MAD01,FSH-MUE-SIL-1009,9,1,0,8
2026-02-10,MAD01,FSH-DEC-TEX-1022,12,2,0,10
2026-02-10,MAD01,FSH-DEC-ILU-1017,14,2,1,11
2026-02-10,BCN01,FSH-MUE-SIL-1011,18,2,1,15
2026-02-10,BCN01,FSH-EXT-JAR-1031,6,1,0,5
2026-02-10,BCN01,FSH-MUE-SIL-1010,10,2,2,6
2026-02-10,BCN01,FSH-DEC-PAR-1024,13,0,1,12
2026-02-10,BCN01,FSH-EXT-JAR-1028,11,1,0,10
2026-02-10,BCN01,FSH-MUE-MES-1005,14,1,0,13
2026-02-10,BCN01,FSH-DEC-PAR-1026,16,3,1,12
2026-02-10,BCN01,FSH-MUE-DOR-1014,11,2,0,9
2026-02-10,BCN01,FSH-MUE-MES-1007,7,0,0,7
2026-02-10,BCN01,FSH-MUE-DOR-1015,12,2,1,9
2026-02-10,BCN01,FSH-MUE-SIL-1008,13,1,0,12
2026-02-10,BCN01,FSH-DEC-PAR-1025,11,5,1,5
2026-02-10,BCN01,FSH-MUE-SIL-1009,8,0,0,8
2026-02-10,BCN01,FSH-DEC-TEX-1022,7,2,0,5
2026-02-10,BCN01,FSH-DEC-ILU-1017,9,1,1,7
2026-02-10,VLC01,FSH-MUE-SIL-1011,12,0,1,11
2026-02-10,VLC01,FSH-EXT-JAR-1031,9,2,0,7
2026-02-10,VLC01,FSH-MUE-SIL-1010,4,0,0,4
2026-02-10,VLC01,FSH-DEC-PAR-1024,7,0,2,5
2026-02-10,VLC01,FSH-EXT-JAR-1028,10,2,1,7
2026-02-10,VLC01,FSH-MUE-MES-1005,14,2,1,11
2026-02-10,VLC01,FSH-DEC-PAR-1026,14,4,1,9
2026-02-10,VLC01,FSH-MUE-DOR-1014,13,2,1,10
2026-02-10,VLC01,FSH-MUE-MES-1007,8,2,0,6
2026-02-10,VLC01,FSH-MUE-DOR-1015,12,1,0,11
2026-02-10,VLC01,FSH-MUE-SIL-1008,10,5,2,3
2026-02-10,VLC01,FSH-DEC-PAR-1025,7,0,0,7
2026-02-10,VLC01,FSH-MUE-SIL-1009,19,1,0,18
2026-02-10,VLC01,FSH-DEC-TEX-1022,12,1,1,10
2026-02-10,VLC01,FSH-DEC-ILU-1017,10,2,0,8
2026-02-11,MAD01,FSH-EXT-JAR-1029,10,3,0,7
2026-02-11,MAD01,FSH-MUE-DOR-1015,4,1,0,3
2026-02-11,MAD01,FSH-DEC-PAR-1024,18,1,1,16
2026-02-11,MAD01,FSH-DEC-ILU-1017,15,1,0,14
2026-02-11,MAD01,FSH-MUE-SIL-1008,16,5,0,11
2026-02-11,MAD01,FSH-MUE-SIL-1009,15,1,1,13
2026-02-11,MAD01,FSH-EXT-JAR-1030,10,2,1,7
2026-02-11,MAD01,FSH-DEC-PAR-1025,7,0,0,7
2026-02-11,MAD01,FSH-MUE-DOR-1012,11,2,1,8
2026-02-11,MAD01,FSH-MUE-SOF-1000,11,3,0,8
2026-02-11,MAD01,FSH-MUE-MES-1004,9,0,1,8
2026-02-11,MAD01,FSH-DEC-ILU-1016,7,0,0,7
2026-02-11,MAD01,FSH-MUE-MES-1005,11,0,0,11
2026-02-11,MAD01,FSH-MUE-DOR-1013,12,1,0,11
2026-02-11,MAD01,FSH-MUE-SIL-1011,17,1,0,16
2026-02-11,BCN01,FSH-EXT-JAR-1029,11,2,1,8
2026-02-11,BCN01,FSH-MUE-DOR-1015,12,0,2,10
2026-02-11,BCN01,FSH-DEC-PAR-1024,13,4,1,8
2026-02-11,BCN01,FSH-DEC-ILU-1017,9,4,0,5
2026-02-11,BCN01,FSH-MUE-SIL-1008,17,0,1,16
2026-02-11,BCN01,FSH-MUE-SIL-1009,9,1,0,8
2026-02-11,BCN01,FSH-EXT-JAR-1030,8,0,1,7
2026-02-11,BCN01,FSH-DEC-PAR-1025,11,1,0,10
2026-02-11,BCN01,FSH-MUE-DOR-1012,7,2,1,4
2026-02-11,BCN01,FSH-MUE-SOF-1000,16,1,1,14
2026-02-11,BCN01,FSH-MUE-MES-1004,7,1,1,5
2026-02-11,BCN01,FSH-DEC-ILU-1016,16,5,0,11
2026-02-11,BCN01,FSH-MUE-MES-1005,16,1,1,14
2026-02-11,BCN01,FSH-MUE-DOR-1013,11,0,0,11
2026-02-11,BCN01,FSH-MUE-SIL-1011,15,2,0,13
2026-02-11,VLC01,FSH-EXT-JAR-1029,13,3,0,10
2026-02-11,VLC01,FSH-MUE-DOR-1015,18,2,0,16
2026-02-11,VLC01,FSH-DEC-PAR-1024,7,1,0,6
2026-02-11,VLC01,FSH-DEC-ILU-1017,8,3,0,5
2026-02-11,VLC01,FSH-MUE-SIL-1008,10,0,0,10
2026-02-11,VLC01,FSH-MUE-SIL-1009,15,4,0,11
2026-02-11,VLC01,FSH-EXT-JAR-1030,17,6,2,9
2026-02-11,VLC01,FSH-DEC-PAR-1025,10,3,0,7
2026-02-11,VLC01,FSH-MUE-DOR-1012,13,3,0,10
2026-02-11,VLC01,FSH-MUE-SOF-1000,6,1,1,4
2026-02-11,VLC01,FSH-MUE-MES-1004,13,1,0,12
2026-02-11,VLC01,FSH-DEC-ILU-1016,10,1,1,8
2026-02-11,VLC01,FSH-MUE-MES-1005,12,3,0,9
2026-02-11,VLC01,FSH-MUE-DOR-1013,9,1,1,7
2026-02-11,VLC01,FSH-MUE-SIL-1011,11,0,0,11
2026-02-12,MAD01,FSH-DEC-PAR-1024,8,1,0,7
2026-02-12,MAD01,FSH-MUE-DOR-1013,12,1,0,11
2026-02-12,MAD01,FSH-MUE-MES-1007,15,3,2,10
2026-02-12,MAD01,FSH-MUE-DOR-1012,11,4,1,6
2026-02-12,MAD01,FSH-MUE-MES-1006,10,1,0,9
2026-02-12,MAD01,FSH-MUE-SIL-1008,20,5,0,15
2026-02-12,MAD01,FSH-MUE-SIL-1009,12,3,0,9
2026-02-12,MAD01,FSH-DEC-TEX-1022,13,1,0,12
2026-02-12,MAD01,FSH-EXT-JAR-1028,10,2,0,8
2026-02-12,MAD01,FSH-MUE-SIL-1010,12,1,0,11
2026-02-12,MAD01,FSH-EXT-JAR-1031,16,1,0,15
2026-02-12,MAD01,FSH-MUE-MES-1005,14,1,3,10
2026-02-12,MAD01,FSH-DEC-TEX-1020,15,4,1,10
2026-02-12,MAD01,FSH-DEC-PAR-1027,10,0,0,10
2026-02-12,MAD01,FSH-DEC-PAR-1025,14,3,3,8
2026-02-12,BCN01,FSH-DEC-PAR-1024,6,2,0,4
2026-02-12,BCN01,FSH-MUE-DOR-1013,15,2,1,12
2026-02-12,BCN01,FSH-MUE-MES-1007,23,6,0,17
2026-02-12,BCN01,FSH-MUE-DOR-1012,12,1,0,11
2026-02-12,BCN01,FSH-MUE-MES-1006,7,1,1,5
2026-02-12,BCN01,FSH-MUE-SIL-1008,13,3,1,9
2026-02-12,BCN01,FSH-MUE-SIL-1009,8,1,0,7
2026-02-12,BCN01,FSH-DEC-TEX-1022,9,1,0,8
2026-02-12,BCN01,FSH-EXT-JAR-1028,14,1,0,13
2026-02-12,BCN01,FSH-MUE-SIL-1010,6,0,0,6
2026-02-12,BCN01,FSH-EXT-JAR-1031,13,1,0,12
2026-02-12,BCN01,FSH-MUE-MES-1005,13,3,0,10
2026-02-12,BCN01,FSH-DEC-TEX-1020,10,3,0,7
2026-02-12,BCN01,FSH-DEC-PAR-1027,14,2,0,12
2026-02-12,BCN01,FSH-DEC-PAR-1025,7,2,0,5
2026-02-12,VLC01,FSH-DEC-PAR-1024,11,2,1,8
2026-02-12,VLC01,FSH-MUE-DOR-1013,13,2,1,10
2026-02-12,VLC01,FSH-MUE-MES-1007,13,2,1,10
2026-02-12,VLC01,FSH-MUE-DOR-1012,8,2,0,6
2026-02-12,VLC01,FSH-MUE-MES-1006,15,3,0,12
2026-02-12,VLC01,FSH-MUE-SIL-1008,13,1,1,11
2026-02-12,VLC01,FSH-MUE-SIL-1009,11,2,0,9
2026-02-12,VLC01,FSH-DEC-TEX-1022,10,0,0,10
2026-02-12,VLC01,FSH-EXT-JAR-1028,12,2,0,10
2026-02-12,VLC01,FSH-MUE-SIL-1010,6,0,0,6
2026-02-12,VLC01,FSH-EXT-JAR-1031,24,2,1,21
2026-02-12,VLC01,FSH-MUE-MES-1005,17,7,0,10
2026-02-12,VLC01,FSH-DEC-TEX-1020,18,1,0,17
2026-02-12,VLC01,FSH-DEC-PAR-1027,7,3,0,4
2026-02-12,VLC01,FSH-DEC-PAR-1025,12,2,0,10
2026-02-13,MAD01,FSH-DEC-TEX-1021,13,3,2,8
2026-02-13,MAD01,FSH-MUE-SIL-1011,11,0,1,10
2026-02-13,MAD01,FSH-MUE-SOF-1002,11,1,1,9
2026-02-13,MAD01,FSH-DEC-PAR-1025,14,2,1,11
2026-02-13,MAD01,FSH-EXT-JAR-1029,13,1,0,12
2026-02-13,MAD01,FSH-DEC-ILU-1016,11,2,1,8
2026-02-13,MAD01,FSH-MUE-DOR-1012,10,0,0,10
2026-02-13,MAD01,FSH-DEC-TEX-1022,12,3,0,9
2026-02-13,MAD01,FSH-DEC-ILU-1019,13,1,2,10
2026-02-13,MAD01,FSH-MUE-SIL-1008,13,2,2,9
2026-02-13,MAD01,FSH-MUE-SOF-1001,9,3,0,6
2026-02-13,MAD01,FSH-MUE-SIL-1009,14,3,0,11
2026-02-13,MAD01,FSH-MUE-DOR-1014,10,1,0,9
2026-02-13,MAD01,FSH-MUE-MES-1004,8,3,0,5
2026-02-13,MAD01,FSH-MUE-MES-1005,22,4,0,18
2026-02-13,BCN01,FSH-DEC-TEX-1021,8,4,1,3
2026-02-13,BCN01,FSH-MUE-SIL-1011,20,1,0,19
2026-02-13,BCN01,FSH-MUE-SOF-1002,12,1,1,10
2026-02-13,BCN01,FSH-DEC-PAR-1025,10,2,0,8
2026-02-13,BCN01,FSH-EXT-JAR-1029,16,4,0,12
2026-02-13,BCN01,FSH-DEC-ILU-1016,8,2,0,6
2026-02-13,BCN01,FSH-MUE-DOR-1012,10,1,1,8
2026-02-13,BCN01,FSH-DEC-TEX-1022,15,2,1,12
2026-02-13,BCN01,FSH-DEC-ILU-1019,10,0,1,9
2026-02-13,BCN01,FSH-MUE-SIL-1008,8,1,0,7
2026-02-13,BCN01,FSH-MUE-SOF-1001,16,2,0,14
2026-02-13,BCN01,FSH-MUE-SIL-1009,10,2,0,8
2026-02-13,BCN01,FSH-MUE-DOR-1014,14,4,0,10
2026-02-13,BCN01,FSH-MUE-MES-1004,13,2,0,11
2026-02-13,BCN01,FSH-MUE-MES-1005,9,1,2,6
2026-02-13,VLC01,FSH-DEC-TEX-1021,9,3,0,6
2026-02-13,VLC01,FSH-MUE-SIL-1011,10,0,0,10
2026-02-13,VLC01,FSH-MUE-SOF-1002,9,1,0,8
2026-02-13,VLC01,FSH-DEC-PAR-1025,6,0,2,4
2026-02-13,VLC01,FSH-EXT-JAR-1029,17,6,0,11
2026-02-13,VLC01,FSH-DEC-ILU-1016,7,1,1,5
2026-02-13,VLC01,FSH-MUE-DOR-1012,11,1,1,9
2026-02-13,VLC01,FSH-DEC-TEX-1022,16,3,0,13
2026-02-13,VLC01,FSH-DEC-ILU-1019,13,4,0,9
2026-02-13,VLC01,FSH-MUE-SIL-1008,10,1,1,8
2026-02-13,VLC01,FSH-MUE-SOF-1001,9,0,0,9
2026-02-13,VLC01,FSH-MUE-SIL-1009,10,2,0,8
2026-02-13,VLC01,FSH-MUE-DOR-1014,16,1,0,15
2026-02-13,VLC01,FSH-MUE-MES-1004,12,1,0,11
2026-02-13,VLC01,FSH-MUE-MES-1005,15,1,0,14
2026-02-14,MAD01,FSH-DEC-ILU-1016,7,1,0,6
2026-02-14,MAD01,FSH-DEC-PAR-1027,14,1,1,12
2026-02-14,MAD01,FSH-DEC-PAR-1025,10,1,0,9
2026-02-14,MAD01,FSH-MUE-MES-1005,16,0,1,15
2026-02-14,MAD01,FSH-MUE-DOR-1013,9,0,0,9
2026-02-14,MAD01,FSH-MUE-SIL-1009,9,0,0,9
2026-02-14,MAD01,FSH-EXT-JAR-1031,12,3,1,8
2026-02-14,MAD01,FSH-MUE-MES-1007,14,5,1,8
2026-02-14,MAD01,FSH-MUE-SIL-1010,20,5,0,15
2026-02-14,MAD01,FSH-DEC-ILU-1019,12,1,0,11
2026-02-14,MAD01,FSH-DEC-PAR-1024,13,3,1,9
2026-02-14,MAD01,FSH-MUE-MES-1006,11,2,0,9
2026-02-14,MAD01,FSH-DEC-TEX-1022,8,1,0,7
2026-02-14,MAD01,FSH-DEC-TEX-1023,10,2,0,8
2026-02-14,MAD01,FSH-DEC-ILU-1018,14,0,0,14
2026-02-14,BCN01,FSH-DEC-ILU-1016,9,0,0,9
2026-02-14,BCN01,FSH-DEC-PAR-1027,14,4,0,10
2026-02-14,BCN01,FSH-DEC-PAR-1025,7,1,0,6
2026-02-14,BCN01,FSH-MUE-MES-1005,12,2,1,9
2026-02-14,BCN01,FSH-MUE-DOR-1013,13,1,1,11
2026-02-14,BCN01,FSH-MUE-SIL-1009,17,4,1,12
2026-02-14,BCN01,FSH-EXT-JAR-1031,5,0,1,4
2026-02-14,BCN01,FSH-MUE-MES-1007,16,1,1,14
2026-02-14,BCN01,FSH-MUE-SIL-1010,10,1,0,9
2026-02-14,BCN01,FSH-DEC-ILU-1019,7,2,0,5
2026-02-14,BCN01,FSH-DEC-PAR-1024,16,1,0,15
2026-02-14,BCN01,FSH-MUE-MES-1006,13,2,0,11
2026-02-14,BCN01,FSH-DEC-TEX-1022,11,2,0,9
2026-02-14,BCN01,FSH-DEC-TEX-1023,12,1,1,10
2026-02-14,BCN01,FSH-DEC-ILU-1018,11,3,1,7
2026-02-14,VLC01,FSH-DEC-ILU-1016,17,0,0,17
2026-02-14,VLC01,FSH-DEC-PAR-1027,14,1,0,13
2026-02-14,VLC01,FSH-DEC-PAR-1025,13,3,2,8
2026-02-14,VLC01,FSH-MUE-MES-1005,9,1,0,8
2026-02-14,VLC01,FSH-MUE-DOR-1013,18,4,1,13
2026-02-14,VLC01,FSH-MUE-SIL-1009,12,1,1,10
2026-02-14,VLC01,FSH-EXT-JAR-1031,16,3,0,13
2026-02-14,VLC01,FSH-MUE-MES-1007,14,6,0,8
2026-02-14,VLC01,FSH-MUE-SIL-1010,11,1,1,9
2026-02-14,VLC01,FSH-DEC-ILU-1019,18,1,0,17
2026-02-14,VLC01,FSH-DEC-PAR-1024,11,1,1,9
2026-02-14,VLC01,FSH-MUE-MES-1006,15,2,1,12
2026-02-14,VLC01,FSH-DEC-TEX-1022,14,1,1,12
2026-02-14,VLC01,FSH-DEC-TEX-1023,15,1,0,14
2026-02-14,VLC01,FSH-DEC-ILU-1018,6,0,0,6
2026-02-15,MAD01,FSH-MUE-SOF-1001,15,3,1,11
2026-02-15,MAD01,FSH-MUE-DOR-1012,9,2,0,7
2026-02-15,MAD01,FSH-EXT-JAR-1030,9,3,0,6
2026-02-15,MAD01,FSH-MUE-SIL-1010,8,1,0,7
2026-02-15,MAD01,FSH-MUE-MES-1004,15,3,1,11
2026-02-15,MAD01,FSH-MUE-SIL-1009,13,3,2,8
2026-02-15,MAD01,FSH-MUE-SOF-1003,7,0,1,6
2026-02-15,MAD01,FSH-MUE-DOR-1014,14,4,0,10
2026-02-15,MAD01,FSH-DEC-PAR-1027,15,2,0,13
2026-02-15,MAD01,FSH-MUE-DOR-1013,8,1,0,7
2026-02-15,MAD01,FSH-DEC-TEX-1022,7,2,0,5
2026-02-15,MAD01,FSH-EXT-JAR-1028,5,0,1,4
2026-02-15,MAD01,FSH-MUE-MES-1007,17,5,1,11
2026-02-15,MAD01,FSH-MUE-MES-1006,16,2,0,14
2026-02-15,MAD01,FSH-DEC-ILU-1017,10,0,0,10
2026-02-15,BCN01,FSH-MUE-SOF-1001,12,2,2,8
2026-02-15,BCN01,FSH-MUE-DOR-1012,15,2,0,13
2026-02-15,BCN01,FSH-EXT-JAR-1030,9,2,0,7
2026-02-15,BCN01,FSH-MUE-SIL-1010,11,0,0,11
2026-02-15,BCN01,FSH-MUE-MES-1004,5,2,0,3
2026-02-15,BCN01,FSH-MUE-SIL-1009,17,2,0,15
2026-02-15,BCN01,FSH-MUE-SOF-1003,13,2,1,10
2026-02-15,BCN01,FSH-MUE-DOR-1014,12,4,0,8
2026-02-15,BCN01,FSH-DEC-PAR-1027,10,2,0,8
2026-02-15,BCN01,FSH-MUE-DOR-1013,11,1,0,10
2026-02-15,BCN01,FSH-DEC-TEX-1022,18,3,1,14
2026-02-15,BCN01,FSH-EXT-JAR-1028,17,1,1,15
2026-02-15,BCN01,FSH-MUE-MES-1007,15,6,0,9
2026-02-15,BCN01,FSH-MUE-MES-1006,10,0,1,9
2026-02-15,BCN01,FSH-DEC-ILU-1017,20,6,1,13
2026-02-15,VLC01,FSH-MUE-SOF-1001,12,1,0,11
2026-02-15,VLC01,FSH-MUE-DOR-1012,16,2,0,14
2026-02-15,VLC01,FSH-EXT-JAR-1030,13,2,0,11
2026-02-15,VLC01,FSH-MUE-SIL-1010,5,0,1,4
2026-02-15,VLC01,FSH-MUE-MES-1004,21,3,0,18
2026-02-15,VLC01,FSH-MUE-SIL-1009,12,2,2,8
2026-02-15,VLC01,FSH-MUE-SOF-1003,7,0,0,7
2026-02-15,VLC01,FSH-MUE-DOR-1014,11,2,1,8
2026-02-15,VLC01,FSH-DEC-PAR-1027,11,1,1,9
2026-02-15,VLC01,FSH-MUE-DOR-1013,13,1,0,12
2026-02-15,VLC01,FSH-DEC-TEX-1022,17,2,0,15
2026-02-15,VLC01,FSH-EXT-JAR-1028,11,2,0,9
2026-02-15,VLC01,FSH-MUE-MES-1007,9,2,0,7
2026-02-15,VLC01,FSH-MUE-MES-1006,9,3,0,6
2026-02-15,VLC01,FSH-DEC-ILU-1017,11,3,0,8
2026-02-16,MAD01,FSH-MUE-DOR-1015,8,2,0,6
2026-02-16,MAD01,FSH-MUE-SOF-1003,17,1,3,13
2026-02-16,MAD01,FSH-EXT-JAR-1030,11,2,0,9
2026-02-16,MAD01,FSH-MUE-SIL-1010,9,2,0,7
2026-02-16,MAD01,FSH-DEC-TEX-1020,12,0,0,12
2026-02-16,MAD01,FSH-MUE-DOR-1012,15,2,0,13
2026-02-16,MAD01,FSH-MUE-SOF-1000,7,2,1,4
2026-02-16,MAD01,FSH-MUE-MES-1005,9,2,1,6
2026-02-16,MAD01,FSH-DEC-PAR-1024,13,3,1,9
2026-02-16,MAD01,FSH-MUE-DOR-1014,17,5,3,9
2026-02-16,MAD01,FSH-MUE-SOF-1002,12,2,0,10
2026-02-16,MAD01,FSH-MUE-SIL-1009,12,1,0,11
2026-02-16,MAD01,FSH-DEC-PAR-1027,19,2,1,16
2026-02-16,MAD01,FSH-MUE-MES-1004,12,3,0,9
2026-02-16,MAD01,FSH-DEC-PAR-1026,16,2,1,13
2026-02-16,BCN01,FSH-MUE-DOR-1015,14,0,0,14
2026-02-16,BCN01,FSH-MUE-SOF-1003,10,2,0,8
2026-02-16,BCN01,FSH-EXT-JAR-1030,15,1,1,13
2026-02-16,BCN01,FSH-MUE-SIL-1010,9,0,0,9
2026-02-16,BCN01,FSH-DEC-TEX-1020,16,2,0,14
2026-02-16,BCN01,FSH-MUE-DOR-1012,17,7,0,10
2026-02-16,BCN01,FSH-MUE-SOF-1000,8,0,0,8
2026-02-16,BCN01,FSH-MUE-MES-1005,14,1,0,13
2026-02-16,BCN01,FSH-DEC-PAR-1024,18,2,3,13
2026-02-16,BCN01,FSH-MUE-DOR-1014,14,0,0,14
2026-02-16,BCN01,FSH-MUE-SOF-1002,14,2,0,12
2026-02-16,BCN01,FSH-MUE-SIL-1009,18,5,2,11
2026-02-16,BCN01,FSH-DEC-PAR-1027,12,0,0,12
2026-02-16,BCN01,FSH-MUE-MES-1004,19,5,0,14
2026-02-16,BCN01,FSH-DEC-PAR-1026,11,2,2,7
2026-02-16,VLC01,FSH-MUE-DOR-1015,21,2,1,18
2026-02-16,VLC01,FSH-MUE-SOF-1003,13,1,2,10
2026-02-16,VLC01,FSH-EXT-JAR-1030,13,2,0,11
2026-02-16,VLC01,FSH-MUE-SIL-1010,14,0,0,14
2026-02-16,VLC01,FSH-DEC-TEX-1020,8,0,0,8
2026-02-16,VLC01,FSH-MUE-DOR-1012,10,0,0,10
2026-02-16,VLC01,FSH-MUE-SOF-1000,14,2,1,11
2026-02-16,VLC01,FSH-MUE-MES-1005,16,3,2,11
2026-02-16,VLC01,FSH-DEC-PAR-1024,16,3,0,13
2026-02-16,VLC01,FSH-MUE-DOR-1014,13,2,0,11
2026-02-16,VLC01,FSH-MUE-SOF-1002,9,1,0,8
2026-02-16,VLC01,FSH-MUE-SIL-1009,13,2,2,9
2026-02-16,VLC01,FSH-DEC-PAR-1027,14,4,0,10
2026-02-16,VLC01,FSH-MUE-MES-1004,13,2,1,10
2026-02-16,VLC01,FSH-DEC-PAR-1026,19,1,1,17
2026-02-17,MAD01,FSH-EXT-JAR-1029,14,0,0,14
2026-02-17,MAD01,FSH-DEC-PAR-1025,11,1,0,10
2026-02-17,MAD01,FSH-MUE-SIL-1009,5,1,0,4
2026-02-17,MAD01,FSH-MUE-SOF-1001,10,2,1,7
2026-02-17,MAD01,FSH-DEC-ILU-1018,13,4,2,7
2026-02-17,MAD01,FSH-EXT-JAR-1028,8,1,0,7
2026-02-17,MAD01,FSH-MUE-SOF-1003,11,2,0,9
2026-02-17,MAD01,FSH-EXT-JAR-1030,9,0,0,9
2026-02-17,MAD01,FSH-MUE-DOR-1015,12,0,0,12
2026-02-17,MAD01,FSH-MUE-SIL-1011,13,1,1,11
2026-02-17,MAD01,FSH-DEC-TEX-1020,8,1,0,7
2026-02-17,MAD01,FSH-MUE-MES-1005,10,0,0,10
2026-02-17,MAD01,FSH-MUE-DOR-1013,13,3,0,10
2026-02-17,MAD01,FSH-DEC-TEX-1022,4,0,0,4
2026-02-17,MAD01,FSH-MUE-SIL-1008,5,0,1,4
2026-02-17,BCN01,FSH-EXT-JAR-1029,8,1,0,7
2026-02-17,BCN01,FSH-DEC-PAR-1025,7,0,0,7
2026-02-17,BCN01,FSH-MUE-SIL-1009,8,2,0,6
2026-02-17,BCN01,FSH-MUE-SOF-1001,11,3,0,8
2026-02-17,BCN01,FSH-DEC-ILU-1018,11,1,0,10
2026-02-17,BCN01,FSH-EXT-JAR-1028,4,0,0,4
2026-02-17,BCN01,FSH-MUE-SOF-1003,16,5,2,9
2026-02-17,BCN01,FSH-EXT-JAR-1030,20,2,0,18
2026-02-17,BCN01,FSH-MUE-DOR-1015,13,3,3,7
2026-02-17,BCN01,FSH-MUE-SIL-1011,12,1,0,11
2026-02-17,BCN01,FSH-DEC-TEX-1020,12,3,0,9
2026-02-17,BCN01,FSH-MUE-MES-1005,18,4,0,14
2026-02-17,BCN01,FSH-MUE-DOR-1013,16,1,0,15
2026-02-17,BCN01,FSH-DEC-TEX-1022,18,2,0,16
2026-02-17,BCN01,FSH-MUE-SIL-1008,10,4,1,5
2026-02-17,VLC01,FSH-EXT-JAR-1029,17,1,0,16
2026-02-17,VLC01,FSH-DEC-PAR-1025,14,1,0,13
2026-02-17,VLC01,FSH-MUE-SIL-1009,11,0,1,10
2026-02-17,VLC01,FSH-MUE-SOF-1001,18,3,3,12
2026-02-17,VLC01,FSH-DEC-ILU-1018,21,1,0,20
2026-02-17,VLC01,FSH-EXT-JAR-1028,14,3,0,11
2026-02-17,VLC01,FSH-MUE-SOF-1003,8,1,1,6
2026-02-17,VLC01,FSH-EXT-JAR-1030,11,1,0,10
2026-02-17,VLC01,FSH-MUE-DOR-1015,9,1,0,8
2026-02-17,VLC01,FSH-MUE-SIL-1011,8,1,0,7
2026-02-17,VLC01,FSH-DEC-TEX-1020,14,5,0,9
2026-02-17,VLC01,FSH-MUE-MES-1005,16,2,0,14
2026-02-17,VLC01,FSH-MUE-DOR-1013,13,1,0,12
2026-02-17,VLC01,FSH-DEC-TEX-1022,14,4,1,9
2026-02-17,VLC01,FSH-MUE-SIL-1008,9,3,1,5
2026-02-18,MAD01,FSH-EXT-JAR-1030,11,1,0,10
2026-02-18,MAD01,FSH-MUE-SOF-1002,7,0,0,7
2026-02-18,MAD01,FSH-MUE-DOR-1015,14,0,1,13
2026-02-18,MAD01,FSH-MUE-MES-1007,9,2,0,7
2026-02-18,MAD01,FSH-MUE-SIL-1009,13,4,2,7
2026-02-18,MAD01,FSH-DEC-PAR-1026,12,2,0,10
2026-02-18,MAD01,FSH-DEC-PAR-1027,13,0,0,13
2026-02-18,MAD01,FSH-EXT-JAR-1028,12,2,1,9
2026-02-18,MAD01,FSH-DEC-ILU-1016,10,1,1,8
2026-02-18,MAD01,FSH-EXT-JAR-1029,10,4,0,6
2026-02-18,MAD01,FSH-DEC-ILU-1019,10,3,0,7
2026-02-18,MAD01,FSH-MUE-DOR-1014,10,1,1,8
2026-02-18,MAD01,FSH-MUE-SOF-1001,4,1,0,3
2026-02-18,MAD01,FSH-MUE-SIL-1011,11,1,0,10
2026-02-18,MAD01,FSH-MUE-MES-1006,12,1,1,10
2026-02-18,BCN01,FSH-EXT-JAR-1030,13,3,0,10
2026-02-18,BCN01,FSH-MUE-SOF-1002,10,1,0,9
2026-02-18,BCN01,FSH-MUE-DOR-1015,11,2,0,9
2026-02-18,BCN01,FSH-MUE-MES-1007,12,1,0,11
2026-02-18,BCN01,FSH-MUE-SIL-1009,13,2,2,9
2026-02-18,BCN01,FSH-DEC-PAR-1026,15,1,1,13
2026-02-18,BCN01,FSH-DEC-PAR-1027,11,1,1,9
2026-02-18,BCN01,FSH-EXT-JAR-1028,8,0,0,8
2026-02-18,BCN01,FSH-DEC-ILU-1016,10,3,0,7
2026-02-18,BCN01,FSH-EXT-JAR-1029,8,1,0,7
2026-02-18,BCN01,FSH-DEC-ILU-1019,14,2,0,12
2026-02-18,BCN01,FSH-MUE-DOR-1014,10,3,0,7
2026-02-18,BCN01,FSH-MUE-SOF-1001,16,1,0,15
2026-02-18,BCN01,FSH-MUE-SIL-1011,8,1,0,7
2026-02-18,BCN01,FSH-MUE-MES-1006,9,2,1,6
2026-02-18,VLC01,FSH-EXT-JAR-1030,15,3,0,12
2026-02-18,VLC01,FSH-MUE-SOF-1002,10,3,0,7
2026-02-18,VLC01,FSH-MUE-DOR-1015,12,4,0,8
2026-02-18,VLC01,FSH-MUE-MES-1007,11,2,1,8
2026-02-18,VLC01,FSH-MUE-SIL-1009,15,4,0,11
2026-02-18,VLC01,FSH-DEC-PAR-1026,13,1,1,11
2026-02-18,VLC01,FSH-DEC-PAR-1027,8,2,0,6
2026-02-18,VLC01,FSH-EXT-JAR-1028,8,2,0,6
2026-02-18,VLC01,FSH-DEC-ILU-1016,13,3,0,10
2026-02-18,VLC01,FSH-EXT-JAR-1029,11,2,0,9
2026-02-18,VLC01,FSH-DEC-ILU-1019,10,0,0,10
2026-02-18,VLC01,FSH-MUE-DOR-1014,14,4,1,9
2026-02-18,VLC01,FSH-MUE-SOF-1001,14,2,1,11
2026-02-18,VLC01,FSH-MUE-SIL-1011,8,1,1,6
2026-02-18,VLC01,FSH-MUE-MES-1006,11,0,0,11
2026-02-19,MAD01,FSH-DEC-ILU-1018,14,3,0,11
2026-02-19,MAD01,FSH-MUE-SIL-1008,5,2,0,3
2026-02-19,MAD01,FSH-EXT-JAR-1030,15,2,0,13
2026-02-19,MAD01,FSH-MUE-SIL-1009,19,4,0,15
2026-02-19,MAD01,FSH-DEC-ILU-1019,12,4,0,8
2026-02-19,MAD01,FSH-DEC-TEX-1020,9,1,0,8
2026-02-19,MAD01,FSH-DEC-PAR-1027,16,4,1,11
2026-02-19,MAD01,FSH-DEC-ILU-1017,10,0,2,8
2026-02-19,MAD01,FSH-EXT-JAR-1031,11,1,0,10
2026-02-19,MAD01,FSH-DEC-TEX-1023,9,2,1,6
2026-02-19,MAD01,FSH-DEC-TEX-1021,10,3,0,7
2026-02-19,MAD01,FSH-MUE-SIL-1010,17,3,1,13
2026-02-19,MAD01,FSH-EXT-JAR-1029,12,0,0,12
2026-02-19,MAD01,FSH-MUE-DOR-1012,12,1,1,10
2026-02-19,MAD01,FSH-MUE-SOF-1003,11,2,0,9
2026-02-19,BCN01,FSH-DEC-ILU-1018,12,1,1,10
2026-02-19,BCN01,FSH-MUE-SIL-1008,13,2,0,11
2026-02-19,BCN01,FSH-EXT-JAR-1030,16,0,2,14
2026-02-19,BCN01,FSH-MUE-SIL-1009,12,3,0,9
2026-02-19,BCN01,FSH-DEC-ILU-1019,14,1,0,13
2026-02-19,BCN01,FSH-DEC-TEX-1020,15,0,2,13
2026-02-19,BCN01,FSH-DEC-PAR-1027,8,0,0,8
2026-02-19,BCN01,FSH-DEC-ILU-1017,11,3,0,8
2026-02-19,BCN01,FSH-EXT-JAR-1031,11,1,0,10
2026-02-19,BCN01,FSH-DEC-TEX-1023,19,1,1,17
2026-02-19,BCN01,FSH-DEC-TEX-1021,12,1,0,11
2026-02-19,BCN01,FSH-MUE-SIL-1010,14,2,1,11
2026-02-19,BCN01,FSH-EXT-JAR-1029,17,1,1,15
2026-02-19,BCN01,FSH-MUE-DOR-1012,15,2,0,13
2026-02-19,BCN01,FSH-MUE-SOF-1003,10,2,0,8
2026-02-19,VLC01,FSH-DEC-ILU-1018,11,0,1,10
2026-02-19,VLC01,FSH-MUE-SIL-1008,7,1,0,6
2026-02-19,VLC01,FSH-EXT-JAR-1030,11,2,0,9
2026-02-19,VLC01,FSH-MUE-SIL-1009,12,2,1,9
2026-02-19,VLC01,FSH-DEC-ILU-1019,13,2,0,11
2026-02-19,VLC01,FSH-DEC-TEX-1020,14,1,0,13
2026-02-19,VLC01,FSH-DEC-PAR-1027,13,5,0,8
2026-02-19,VLC01,FSH-DEC-ILU-1017,11,0,1,10
2026-02-19,VLC01,FSH-EXT-JAR-1031,9,2,0,7
2026-02-19,VLC01,FSH-DEC-TEX-1023,17,2,2,13
2026-02-19,VLC01,FSH-DEC-TEX-1021,16,0,0,16
2026-02-19,VLC01,FSH-MUE-SIL-1010,13,4,0,9
2026-02-19,VLC01,FSH-EXT-JAR-1029,12,1,1,10
2026-02-19,VLC01,FSH-MUE-DOR-1012,15,0,1,14
2026-02-19,VLC01,FSH-MUE-SOF-1003,8,0,2,6
2026-02-20,MAD01,FSH-DEC-ILU-1017,10,0,2,8
2026-02-20,MAD01,FSH-MUE-SIL-1008,14,2,0,12
2026-02-20,MAD01,FSH-MUE-DOR-1015,7,0,2,5
2026-02-20,MAD01,FSH-MUE-SOF-1002,15,1,1,13
2026-02-20,MAD01,FSH-DEC-ILU-1019,7,0,0,7
2026-02-20,MAD01,FSH-MUE-SIL-1011,15,0,1,14
2026-02-20,MAD01,FSH-EXT-JAR-1028,15,1,2,12
2026-02-20,MAD01,FSH-MUE-MES-1007,15,1,0,14
2026-02-20,MAD01,FSH-MUE-DOR-1013,15,1,2,12
2026-02-20,MAD01,FSH-MUE-SOF-1001,16,4,0,12
2026-02-20,MAD01,FSH-DEC-TEX-1022,6,1,0,5
2026-02-20,MAD01,FSH-EXT-JAR-1031,14,1,0,13
2026-02-20,MAD01,FSH-DEC-TEX-1023,9,1,0,8
2026-02-20,MAD01,FSH-DEC-ILU-1018,13,3,0,10
2026-02-20,MAD01,FSH-MUE-SIL-1010,12,2,0,10
2026-02-20,BCN01,FSH-DEC-ILU-1017,12,2,1,9
2026-02-20,BCN01,FSH-MUE-SIL-1008,8,2,1,5
2026-02-20,BCN01,FSH-MUE-DOR-1015,19,3,1,15
2026-02-20,BCN01,FSH-MUE-SOF-1002,10,1,1,8
2026-02-20,BCN01,FSH-DEC-ILU-1019,14,1,1,12
2026-02-20,BCN01,FSH-MUE-SIL-1011,12,0,0,12
2026-02-20,BCN01,FSH-EXT-JAR-1028,9,0,1,8
2026-02-20,BCN01,FSH-MUE-MES-1007,8,0,0,8
2026-02-20,BCN01,FSH-MUE-DOR-1013,12,0,0,12
2026-02-20,BCN01,FSH-MUE-SOF-1001,11,1,0,10
2026-02-20,BCN01,FSH-DEC-TEX-1022,6,1,0,5
2026-02-20,BCN01,FSH-EXT-JAR-1031,16,3,0,13
2026-02-20,BCN01,FSH-DEC-TEX-1023,12,1,0,11
2026-02-20,BCN01,FSH-DEC-ILU-1018,11,0,0,11
2026-02-20,BCN01,FSH-MUE-SIL-1010,6,2,0,4
2026-02-20,VLC01,FSH-DEC-ILU-1017,17,2,0,15
2026-02-20,VLC01,FSH-MUE-SIL-1008,10,3,1,6
2026-02-20,VLC01,FSH-MUE-DOR-1015,9,1,1,7
2026-02-20,VLC01,FSH-MUE-SOF-1002,10,3,0,7
2026-02-20,VLC01,FSH-DEC-ILU-1019,10,4,0,6
2026-02-20,VLC01,FSH-MUE-SIL-1011,12,0,0,12
2026-02-20,VLC01,FSH-EXT-JAR-1028,18,0,0,18
2026-02-20,VLC01,FSH-MUE-MES-1007,14,3,0,11
2026-02-20,VLC01,FSH-MUE-DOR-1013,18,3,1,14
2026-02-20,VLC01,FSH-MUE-SOF-1001,7,2,0,5
2026-02-20,VLC01,FSH-DEC-TEX-1022,16,2,2,12
2026-02-20,VLC01,FSH-EXT-JAR-1031,9,0,0,9
2026-02-20,VLC01,FSH-DEC-TEX-1023,17,3,1,13
2026-02-20,VLC01,FSH-DEC-ILU-1018,11,0,0,11
2026-02-20,VLC01,FSH-MUE-SIL-1010,8,0,0,8
